slug,name,website_url,archive_url,ref_title,ref_authors,ref_year,ref_source
criticalmaas_09_ngmdb_113122,"Bedrock geologic map of the Ladue River-Mount Fairplay area, Tanacross and Nabesna quadrangles, Alaska",https://ngmdb.usgs.gov/Prodesc/proddesc_113122.htm,https://s3.amazonaws.com/public.cdr.land/results/68bc42b14731432942174e33624970cd6e4d4b19638913c55ad34e1969a4cda6.zip,"Bedrock geologic map of the Ladue River-Mount Fairplay area, Tanacross and Nabesna quadrangles, Alaska","Twelker, Evan, Newberry, R.J., Wypych, Alicja, Naibert, T.J., Wildland, A.D., Sicard, K.R., Regan, S.P., Athey, J.E., Wyatt, W.C., and Lopez, J.A.",2021,Alaska Division of Geological & Geophysical Surveys
criticalmaas_09_ngmdb_110931,"Bedrock geologic map of the eastern Denali Highway area, Mount Hayes, Healy, and Talkeetna Mountains quadrangles, Alaska",https://ngmdb.usgs.gov/Prodesc/proddesc_110931.htm,https://s3.amazonaws.com/public.cdr.land/results/5a06544690b6611f419f0c6f244776a536ad52915555555555515545c9b1ddb9.zip,"Bedrock geologic map of the eastern Denali Highway area, Mount Hayes, Healy, and Talkeetna Mountains quadrangles, Alaska","Twelker, Evan, Waldien, T.S., Newberry, R.J., Freeman, L.K., Sicard, K.R., Lande, L.L., Wypych, Alicja, Reioux, D.A., and Bachmann, E.N.",2020,Alaska Division of Geological & Geophysical Surveys
criticalmaas_09_ngmdb_53392,"Combined geology and airborne geophysical data of the Ruby-Poorman mining district, Alaska",https://ngmdb.usgs.gov/Prodesc/proddesc_53392.htm,https://s3.amazonaws.com/public.cdr.land/results/749096b5d935d936986598659a659a651a759a759a359a359a719a63be23bcb3.zip,"Combined geology and airborne geophysical data of the Ruby-Poorman mining district, Alaska","Puchner, C.C., Smith, G.M., Flanders, R.W., Crowe, D.E., McIntyre, S.C., DGGS, Staff, Dighem, Staff, WGM, Staff, and Burns, L.E.",1998,Alaska Division of Geological & Geophysical Surveys
criticalmaas_09_ngmdb_53392,"Combined geology and airborne geophysical data of the Ruby-Poorman mining district, Alaska",https://ngmdb.usgs.gov/Prodesc/proddesc_53392.htm,https://s3.amazonaws.com/public.cdr.land/results/6aa06eb5d925c9279a659a659a651a651a751a759a359a351a699a631a23aab3.zip,"Combined geology and airborne geophysical data of the Ruby-Poorman mining district, Alaska","Puchner, C.C., Smith, G.M., Flanders, R.W., Crowe, D.E., McIntyre, S.C., DGGS, Staff, Dighem, Staff, WGM, Staff, and Burns, L.E.",1998,Alaska Division of Geological & Geophysical Surveys
criticalmaas_09_ngmdb_53572,"Geologic investigations of the Kandik area, Alaska, and adjacent Yukon Territory, Canada",https://ngmdb.usgs.gov/Prodesc/proddesc_53572.htm,https://s3.amazonaws.com/public.cdr.land/results/5f2166d54ad573d362d562d126d31ed14bd36b9326d326d316d312d50e959c15.zip,"Geologic investigations of the Kandik area, Alaska, and adjacent Yukon Territory, Canada","Van Kooten, G.K., Watts, A.B., Coogan, James, Mount, V.S., Swenson, R.F., Daggett, P.H., Clough, J.G., Roberts, C.T., and Bergman, S.C.",1997,Alaska Division of Geological & Geophysical Surveys
criticalmaas_09_ngmdb_97982,"Bedrock geology of the Ambler district, southwestern Brooks Range, Alaska",https://ngmdb.usgs.gov/Prodesc/proddesc_97982.htm,https://s3.amazonaws.com/public.cdr.land/results/640078132f9b27c9037380e9722a33aa8dba407a2f222cca70c258c270ea34d0.zip,"Bedrock geology of the Ambler district, southwestern Brooks Range, Alaska","Hitzman, M.W., Smith, T.E., and Proffett, J.M.",1982,Alaska Division of Geological & Geophysical Surveys
criticalmaas_09_ngmdb_53535,"Interpretation of the aeromagnetic map of the Anchorage Quadrangle, Alaska",https://ngmdb.usgs.gov/Prodesc/proddesc_53535.htm,https://s3.amazonaws.com/public.cdr.land/results/7b196899429fd50d934d07cd1d0d192d360f454dccddd88d892d11b11cb96169.zip,"Interpretation of the aeromagnetic map of the Anchorage Quadrangle, Alaska","Burns, L.E., and Winkler, G.R.",1994,Alaska Division of Geological & Geophysical Surveys
criticalmaas_09_ngmdb_53230,"Derivative geologic materials map of portions of the Chandalar Quadrangle, Alaska",https://ngmdb.usgs.gov/Prodesc/proddesc_53230.htm,https://s3.amazonaws.com/public.cdr.land/results/60489c239cb39d138d219d138d319d339c9396638b6c807a5a682b9624918069.zip,"Derivative geologic materials map of portions of the Chandalar Quadrangle, Alaska","Combellick, R.A., Campbell, K.M., and Cruse, G.R.",1993,Alaska Division of Geological & Geophysical Surveys
criticalmaas_09_ngmdb_53231,"Derivative geologic materials  map of portions of the northwestern Nabesna, Quadrangle, Alaska",https://ngmdb.usgs.gov/Prodesc/proddesc_53231.htm,https://s3.amazonaws.com/public.cdr.land/results/ec88b0931c931d131c9108132c11d0130813a013409432128ce84b962b998c69.zip,"Derivative geologic materials  map of portions of the northwestern Nabesna, Quadrangle, Alaska","Combellick, R.A., Campbell, K.M., and Cruse, G.R.",1993,Alaska Division of Geological & Geophysical Surveys
criticalmaas_09_ngmdb_53232,"Derivative geologic materials map of portions of the Wiseman Quadrangle, Alaska",https://ngmdb.usgs.gov/Prodesc/proddesc_53232.htm,https://s3.amazonaws.com/public.cdr.land/results/6408a073a033a013a121a163a261a263a463a463a46cba1283e063962a998069.zip,"Derivative geologic materials map of portions of the Wiseman Quadrangle, Alaska","Combellick, R.A., Campbell, K.M., and Cruse, G.R.",1993,Alaska Division of Geological & Geophysical Surveys
criticalmaas_09_ngmdb_53228,"Derivative geologic materials map of the Baird Mountains Quadrangle, Alaska",https://ngmdb.usgs.gov/Prodesc/proddesc_53228.htm,https://s3.amazonaws.com/public.cdr.land/results/e8889ee39e639c639561956393619b6393e399e38d6cc52e48da4a962a998ec9.zip,"Derivative geologic materials map of the Baird Mountains Quadrangle, Alaska","Combellick, R.A., Clement, R.F., and Cruse, G.R.",1993,Alaska Division of Geological & Geophysical Surveys
criticalmaas_09_ngmdb_53645,"Generalized stratigraphy and petroleum potential of the Holitna region, southwest Alaska",https://ngmdb.usgs.gov/Prodesc/proddesc_53645.htm,https://s3.amazonaws.com/public.cdr.land/results/58b9233f5a3314b70e1738b33d17347bbc6a266934811db9612d4bc943e10189.zip,"Generalized stratigraphy and petroleum potential of the Holitna region, southwest Alaska","LePain, D.L., Blodgett, R.B., Clough, J.G., and Ryherd, T.J.",2000,Alaska Division of Geological & Geophysical Surveys
criticalmaas_09_ngmdb_52955,"Stratigraphic study of the Gulf of Alaska tertiary province, northern Gulf of Alaska area",https://ngmdb.usgs.gov/Prodesc/proddesc_52955.htm,https://s3.amazonaws.com/public.cdr.land/results/6e513c8d564516737c7534f12d15676158efd0e161712933393302dbec67cce9.zip,"Stratigraphic study of the Gulf of Alaska tertiary province, northern Gulf of Alaska area","Lyle, W.M., and Palmer, I.F., Jr.",1976,Alaska Division of Geological & Geophysical Surveys
criticalmaas_09_ngmdb_2718,"Preliminary geologic map of Esmeralda County, Nevada",https://ngmdb.usgs.gov/Prodesc/proddesc_2718.htm,https://s3.amazonaws.com/public.cdr.land/results/c4cc244cc5a0cd262be032844eb019a08bac07ac25a8318619a6d48c248c8ee1.zip,"Preliminary geologic map of Esmeralda County, Nevada","Albers, J.P., and Stewart, J.H.",1965,U.S. Geological Survey
criticalmaas_09_ngmdb_10139,"Geologic map showing total thickness of coal in the south half of the Powder River Basin, northeastern Wyoming",https://ngmdb.usgs.gov/Prodesc/proddesc_10139.htm,https://s3.amazonaws.com/public.cdr.land/results/6246624663467c4678465ce75c671c67364774573b76076f1ddf255f88f049b1.zip,"Geologic map showing total thickness of coal in the south half of the Powder River Basin, northeastern Wyoming","Denson, N.M., and Crysdale, B.L.",1991,U.S. Geological Survey
criticalmaas_09_ngmdb_10240,"Geologic and structure map, with contours on top of the Pierre Shale, for the north half of the Powder River Basin, southeastern Montana and northeastern Wyoming",https://ngmdb.usgs.gov/Prodesc/proddesc_10240.htm,https://s3.amazonaws.com/public.cdr.land/results/464f530f460f4a85710f794f794f7a6734677a27382658875887599704730139.zip,"Geologic and structure map, with contours on top of the Pierre Shale, for the north half of the Powder River Basin, southeastern Montana and northeastern Wyoming","Denson, N.M., Gibson, M.L., and Sims, G.L.",1993,U.S. Geological Survey
criticalmaas_09_ngmdb_10131,"Geologic map showing the thickness and structure of the Anderson-Wyodak coal bed in the south half of the Powder River Basin, northeastern Wyoming",https://ngmdb.usgs.gov/Prodesc/proddesc_10131.htm,https://s3.amazonaws.com/public.cdr.land/results/69c664c664c664c674c658c658c61d47364677163b160f4f3dde275e09b91119.zip,"Geologic map showing the thickness and structure of the Anderson-Wyodak coal bed in the south half of the Powder River Basin, northeastern Wyoming","Denson, N.M., and Pierson, C.T.",1991,U.S. Geological Survey
criticalmaas_09_ngmdb_10275,"Geologic map showing thickness of sedimentary rocks from ground surface to the top of the Upper Cretaceous Pierre Shale in the north half of the Powder River Basin, southeastern Montana and northeastern Wyoming",https://ngmdb.usgs.gov/Prodesc/proddesc_10275.htm,https://s3.amazonaws.com/public.cdr.land/results/4447560756874e07700770467867782734277026782758875897199733e931ae.zip,"Geologic map showing thickness of sedimentary rocks from ground surface to the top of the Upper Cretaceous Pierre Shale in the north half of the Powder River Basin, southeastern Montana and northeastern Wyoming","Denson, N.M., Pierson, C.T., and Grundy, W.D.",1994,U.S. Geological Survey
criticalmaas_09_ngmdb_10276,"Geologic map showing thickness of sedimentary rocks from ground surface to the top of the Upper Cretaceous Pierre Shale in the south half of the Powder River Basin, northeastern Wyoming and adjacent areas",https://ngmdb.usgs.gov/Prodesc/proddesc_10276.htm,https://s3.amazonaws.com/public.cdr.land/results/664666466046784658465cc65c471c46744676163f761ddf35df255e1cda199c.zip,"Geologic map showing thickness of sedimentary rocks from ground surface to the top of the Upper Cretaceous Pierre Shale in the south half of the Powder River Basin, northeastern Wyoming and adjacent areas","Denson, N.M., Pierson, C.T., and Grundy, W.D.",1995,U.S. Geological Survey
criticalmaas_09_ngmdb_4292,"Geology of the Arbuckle and Wichita Mountains in Indian Territory and Oklahoma, with an appendix on reported ore deposits of the Wichita Mountains",https://ngmdb.usgs.gov/Prodesc/proddesc_4292.htm,https://s3.amazonaws.com/public.cdr.land/results/6535067559726d5509a53d951a251b35695d2a4d4b254d1749474d1d49290810.zip,"Geology of the Arbuckle and Wichita Mountains in Indian Territory and Oklahoma, with an appendix on reported ore deposits of the Wichita Mountains","Taff, J.A., and Bain, H.F.",1904,U.S. Geological Survey
criticalmaas_09_ngmdb_4292,"Geology of the Arbuckle and Wichita Mountains in Indian Territory and Oklahoma, with an appendix on reported ore deposits of the Wichita Mountains",https://ngmdb.usgs.gov/Prodesc/proddesc_4292.htm,https://s3.amazonaws.com/public.cdr.land/results/62c1083d9835a0372095318d0dcd22cf1b6545c7468f47650f970f8645860684.zip,"Geology of the Arbuckle and Wichita Mountains in Indian Territory and Oklahoma, with an appendix on reported ore deposits of the Wichita Mountains","Taff, J.A., and Bain, H.F.",1904,U.S. Geological Survey
criticalmaas_09_ngmdb_15977,"Geohydrology of the Cheyenne River Indian Reservation, South Dakota",https://ngmdb.usgs.gov/Prodesc/proddesc_15977.htm,https://s3.amazonaws.com/public.cdr.land/results/c8cc692986f286c78dd79dc5b429416905e941eb03d143611f637a4365e692b2.zip,"Geohydrology of the Cheyenne River Indian Reservation, South Dakota","Howells, Lewis",1979,U.S. Geological Survey
criticalmaas_09_ngmdb_15977,"Geohydrology of the Cheyenne River Indian Reservation, South Dakota",https://ngmdb.usgs.gov/Prodesc/proddesc_15977.htm,https://s3.amazonaws.com/public.cdr.land/results/4fe36f2b75ab3f23a0e3564d6719651f0e179da1059f9321062905190d3f0065.zip,"Geohydrology of the Cheyenne River Indian Reservation, South Dakota","Howells, Lewis",1979,U.S. Geological Survey
criticalmaas_09_ngmdb_10040,"Pre-Tertiary bedrock geologic map of the Mariposa 1 degree by 2 degrees quadrangle, Sierra Nevada, California, Nevada",https://ngmdb.usgs.gov/Prodesc/proddesc_10040.htm,https://s3.amazonaws.com/public.cdr.land/results/58d85dcc19b678f526d646f156f143d925d12e290be5a8c52b1d2b354bb652d8.zip,"Pre-Tertiary bedrock geologic map of the Mariposa 1 degree by 2 degrees quadrangle, Sierra Nevada, California, Nevada","Bateman, P.C.",1992,U.S. Geological Survey
criticalmaas_09_ngmdb_1302,"Geologic map of the Canyon City quadrangle, northeastern Oregon",https://ngmdb.usgs.gov/Prodesc/proddesc_1302.htm,https://s3.amazonaws.com/public.cdr.land/results/6169716919e971e924fc0e6618661166668a2c690e490e4e61c900c663e620ee.zip,"Geologic map of the Canyon City quadrangle, northeastern Oregon","Brown, C.E., and Thayer, T.P.",1966,U.S. Geological Survey
criticalmaas_09_ngmdb_9003,"Geologic map of the Denver 1 degree x 2 degrees quadrangle, north-central Colorado",https://ngmdb.usgs.gov/Prodesc/proddesc_9003.htm,https://s3.amazonaws.com/public.cdr.land/results/7da43da53fe15fe55da11da51da92dab0d516e534d8ec59f078327e718f3a0e0.zip,"Geologic map of the Denver 1 degree x 2 degrees quadrangle, north-central Colorado","Bryant, Bruce, McGrew, L.W., and Wobus, R.A.",1981,U.S. Geological Survey
criticalmaas_09_ngmdb_9003,"Geologic map of the Denver 1 degree x 2 degrees quadrangle, north-central Colorado",https://ngmdb.usgs.gov/Prodesc/proddesc_9003.htm,https://s3.amazonaws.com/public.cdr.land/results/54810cec6e5c6f9776c71f6d66dd738c53cc13cc33e439ac498ce1c441e2c180.zip,"Geologic map of the Denver 1 degree x 2 degrees quadrangle, north-central Colorado","Bryant, Bruce, McGrew, L.W., and Wobus, R.A.",1981,U.S. Geological Survey
criticalmaas_09_ngmdb_15158,"Preliminary geologic map of the southwestern quarter of the Denver 1[degree] X 2[degree] quadrangle, Colorado",https://ngmdb.usgs.gov/Prodesc/proddesc_15158.htm,https://s3.amazonaws.com/public.cdr.land/results/50910cec2c5c6f9776c71f6d1ecd378c53cc0bce33e639ac498ed1d089f88185.zip,"Preliminary geologic map of the southwestern quarter of the Denver 1[degree] X 2[degree] quadrangle, Colorado","Bryant, Bruce, and Wobus, R.A.",1975,U.S. Geological Survey
criticalmaas_09_ngmdb_15158,"Preliminary geologic map of the southwestern quarter of the Denver 1[degree] X 2[degree] quadrangle, Colorado",https://ngmdb.usgs.gov/Prodesc/proddesc_15158.htm,https://s3.amazonaws.com/public.cdr.land/results/7da43da51fe15fa55da11da53da92dad0d510e534d8ec59f07c347e700eba0e0.zip,"Preliminary geologic map of the southwestern quarter of the Denver 1[degree] X 2[degree] quadrangle, Colorado","Bryant, Bruce, and Wobus, R.A.",1975,U.S. Geological Survey
criticalmaas_09_ngmdb_107874,"Alluvial fans and near-surface subsidence in western Fresno County, California",https://ngmdb.usgs.gov/Prodesc/proddesc_107874.htm,https://s3.amazonaws.com/public.cdr.land/results/3931652671e478e47c643ce45d256ca537655b656da526e512626d6aa4e81ce0.zip,"Alluvial fans and near-surface subsidence in western Fresno County, California","Bull, W.B.",1964,U.S. Geological Survey
criticalmaas_09_ngmdb_9487,"Bedrock geologic map showing thickness of overlying Quaternary deposits, Lincoln quadrangle and part of Nebraska City quadrangle, Nebraska and Kansas",https://ngmdb.usgs.gov/Prodesc/proddesc_9487.htm,https://s3.amazonaws.com/public.cdr.land/results/d08048964d064a86489e490649a6618f610b660b6309430503853124303f423e.zip,"Bedrock geologic map showing thickness of overlying Quaternary deposits, Lincoln quadrangle and part of Nebraska City quadrangle, Nebraska and Kansas","Burchett, R.R., Dreeszen, V.H., Reed, E.C., and Prichard, G.E.",1972,U.S. Geological Survey
criticalmaas_09_ngmdb_9965,Bedrock geologic map showing configuration of the bedrock surface in the Nebraska part of the Sioux City 1 degree x 2 degrees quadrangle,https://ngmdb.usgs.gov/Prodesc/proddesc_9965.htm,https://s3.amazonaws.com/public.cdr.land/results/48d8587b18590c594779673b79b906f946590669066946711c775bb653c5c1c5.zip,Bedrock geologic map showing configuration of the bedrock surface in the Nebraska part of the Sioux City 1 degree x 2 degrees quadrangle,"Burchett, R.R., Dreeszen, V.H., Souders, V.L., and Prichard, G.E.",1988,U.S. Geological Survey
criticalmaas_09_ngmdb_9797,"Bedrock geologic map showing thickness of overlying Quaternary deposits, Fremont quadrangle and part of Omaha quadrangle, Nebraska",https://ngmdb.usgs.gov/Prodesc/proddesc_9797.htm,https://s3.amazonaws.com/public.cdr.land/results/d0d048e259e719771b673361323336333293631b67996399c75753102312a3a4.zip,"Bedrock geologic map showing thickness of overlying Quaternary deposits, Fremont quadrangle and part of Omaha quadrangle, Nebraska","Burchett, R.R., Reed, E.C., Dreeszen, V.H., and Prichard, G.E.",1975,U.S. Geological Survey
criticalmaas_09_ngmdb_9492,"Geologic and structure map of the Grand Junction quadrangle, Colorado and Utah",https://ngmdb.usgs.gov/Prodesc/proddesc_9492.htm,https://s3.amazonaws.com/public.cdr.land/results/e1204366416645e505654c6e63ee69e506e825e6c6b6a4a624266776e25480b1.zip,"Geologic and structure map of the Grand Junction quadrangle, Colorado and Utah","Cashion, W.B.",1973,U.S. Geological Survey
criticalmaas_09_ngmdb_9999,"Geologic map of the Black Hills area, South Dakota and Wyoming",https://ngmdb.usgs.gov/Prodesc/proddesc_9999.htm,https://s3.amazonaws.com/public.cdr.land/results/16410f496f4976410fc927c9632543a50327136641bc498c498c4984236ce0e8.zip,"Geologic map of the Black Hills area, South Dakota and Wyoming","DeWitt, Ed, Redden, J.A., Buscher, David, and Wilson, A.B.",1989,U.S. Geological Survey
criticalmaas_09_ngmdb_21807,"Mineral resource potential and geology of the Black Hills National Forest, South Dakota and Wyoming",https://ngmdb.usgs.gov/Prodesc/proddesc_21807.htm,https://s3.amazonaws.com/public.cdr.land/results/4bdd4fddc7953b95216d527578757865496548ed4c694e694a6b4e6b48e9019b.zip,"Mineral resource potential and geology of the Black Hills National Forest, South Dakota and Wyoming","Dewitt, E.I., Redden, J.A., Wilson, A.B., and Buscher, David",1986,U.S. Geological Survey
criticalmaas_09_ngmdb_21807,"Mineral resource potential and geology of the Black Hills National Forest, South Dakota and Wyoming",https://ngmdb.usgs.gov/Prodesc/proddesc_21807.htm,https://s3.amazonaws.com/public.cdr.land/results/65095a891d4d1da934f93ce95a39521d923d725d131913b901d904d9826f005c.zip,"Mineral resource potential and geology of the Black Hills National Forest, South Dakota and Wyoming","Dewitt, E.I., Redden, J.A., Wilson, A.B., and Buscher, David",1986,U.S. Geological Survey
criticalmaas_09_ngmdb_21807,"Mineral resource potential and geology of the Black Hills National Forest, South Dakota and Wyoming",https://ngmdb.usgs.gov/Prodesc/proddesc_21807.htm,https://s3.amazonaws.com/public.cdr.land/results/56614a69094907490fcd1b8d0acd2f4d20e521e725eb26eb21e731f025b00160.zip,"Mineral resource potential and geology of the Black Hills National Forest, South Dakota and Wyoming","Dewitt, E.I., Redden, J.A., Wilson, A.B., and Buscher, David",1986,U.S. Geological Survey
criticalmaas_09_ngmdb_21807,"Mineral resource potential and geology of the Black Hills National Forest, South Dakota and Wyoming",https://ngmdb.usgs.gov/Prodesc/proddesc_21807.htm,https://s3.amazonaws.com/public.cdr.land/results/6b174c9955d51bc713f904e94c39263b263b027d027c017c04fc046c065c0078.zip,"Mineral resource potential and geology of the Black Hills National Forest, South Dakota and Wyoming","Dewitt, E.I., Redden, J.A., Wilson, A.B., and Buscher, David",1986,U.S. Geological Survey
criticalmaas_09_ngmdb_10209,"Geologic map showing configuration of the bedrock surface, North Platte, 1 degree x 2 degrees quadrangle, Nebraska",https://ngmdb.usgs.gov/Prodesc/proddesc_10209.htm,https://s3.amazonaws.com/public.cdr.land/results/60e07ce52e2534e552e57aa550354c794435e335773d4db55da726cf064d0720.zip,"Geologic map showing configuration of the bedrock surface, North Platte, 1 degree x 2 degrees quadrangle, Nebraska","Diffendal, R.F., Jr.",1991,U.S. Geological Survey
criticalmaas_09_ngmdb_238,"Lassen Peak folio, California",https://ngmdb.usgs.gov/Prodesc/proddesc_238.htm,https://s3.amazonaws.com/public.cdr.land/results/b3448cc6af4b970b8d9b8dcb8a6bb8bb81fb85bb93e7a26682e6830e951e9ce0.zip,"Lassen Peak folio, California","Diller, J.S.",1895,U.S. Geological Survey
criticalmaas_09_ngmdb_238,"Lassen Peak folio, California",https://ngmdb.usgs.gov/Prodesc/proddesc_238.htm,https://s3.amazonaws.com/public.cdr.land/results/f2090dc52547330f2b1f0bc7163f19f730ff107f135f226708cf070f250fcca0.zip,"Lassen Peak folio, California","Diller, J.S.",1895,U.S. Geological Survey
criticalmaas_09_ngmdb_9132,"Geologic map of the Silver City 1 degree x 2 degrees quadrangle, New Mexico and Arizona",https://ngmdb.usgs.gov/Prodesc/proddesc_9132.htm,https://s3.amazonaws.com/public.cdr.land/results/36641667406d50ef4ce36ceb26e937775347cb4ba71b054b05c986c781cf5861.zip,"Geologic map of the Silver City 1 degree x 2 degrees quadrangle, New Mexico and Arizona","Drewes, Harald, Houser, B.B., Hedlund, D.C., Richter, D.H., Thorman, C.H., and Finnell, T.L.",1985,U.S. Geological Survey
criticalmaas_09_ngmdb_4206,"Structural geology of Hawthorne and Tonopah quadrangles, Nevada",https://ngmdb.usgs.gov/Prodesc/proddesc_4206.htm,https://s3.amazonaws.com/public.cdr.land/results/605b6d3d473d478567a513874b97a097989fd19f51dd1b33194f25ff01f90999.zip,"Structural geology of Hawthorne and Tonopah quadrangles, Nevada","Ferguson, H.G., and Muller, S.W.",1949,U.S. Geological Survey
criticalmaas_09_ngmdb_4206,"Structural geology of Hawthorne and Tonopah quadrangles, Nevada",https://ngmdb.usgs.gov/Prodesc/proddesc_4206.htm,https://s3.amazonaws.com/public.cdr.land/results/367d04ad038d131d04ed8ded09cd495da03d1b6e020c17b248be3ea4131b61cf.zip,"Structural geology of Hawthorne and Tonopah quadrangles, Nevada","Ferguson, H.G., and Muller, S.W.",1949,U.S. Geological Survey
criticalmaas_09_ngmdb_4206,"Structural geology of Hawthorne and Tonopah quadrangles, Nevada",https://ngmdb.usgs.gov/Prodesc/proddesc_4206.htm,https://s3.amazonaws.com/public.cdr.land/results/782d602534dd0c7d2e6d0fad0a2d47dd47dd47fd224d9b289a3e408c19e49038.zip,"Structural geology of Hawthorne and Tonopah quadrangles, Nevada","Ferguson, H.G., and Muller, S.W.",1949,U.S. Geological Survey
criticalmaas_09_ngmdb_4206,"Structural geology of Hawthorne and Tonopah quadrangles, Nevada",https://ngmdb.usgs.gov/Prodesc/proddesc_4206.htm,https://s3.amazonaws.com/public.cdr.land/results/341339c958cd1d86490b0f634f030f061f1e8e1ccf6a0d664d190c651cc61338.zip,"Structural geology of Hawthorne and Tonopah quadrangles, Nevada","Ferguson, H.G., and Muller, S.W.",1949,U.S. Geological Survey
criticalmaas_09_ngmdb_4206,"Structural geology of Hawthorne and Tonopah quadrangles, Nevada",https://ngmdb.usgs.gov/Prodesc/proddesc_4206.htm,https://s3.amazonaws.com/public.cdr.land/results/54f704fd1a6d1ced18ff28ed27cc23ed20fe18f638f618f644fc03c7129fe0f0.zip,"Structural geology of Hawthorne and Tonopah quadrangles, Nevada","Ferguson, H.G., and Muller, S.W.",1949,U.S. Geological Survey
criticalmaas_09_ngmdb_4206,"Structural geology of Hawthorne and Tonopah quadrangles, Nevada",https://ngmdb.usgs.gov/Prodesc/proddesc_4206.htm,https://s3.amazonaws.com/public.cdr.land/results/039a019c1198079c4f984398139a03654f840db48698032d093c84b840744198.zip,"Structural geology of Hawthorne and Tonopah quadrangles, Nevada","Ferguson, H.G., and Muller, S.W.",1949,U.S. Geological Survey
criticalmaas_09_ngmdb_4206,"Structural geology of Hawthorne and Tonopah quadrangles, Nevada",https://ngmdb.usgs.gov/Prodesc/proddesc_4206.htm,https://s3.amazonaws.com/public.cdr.land/results/6a4f4a4c7ac57ec75e876f872152256335a211e74f9749a713c712de09db4de1.zip,"Structural geology of Hawthorne and Tonopah quadrangles, Nevada","Ferguson, H.G., and Muller, S.W.",1949,U.S. Geological Survey
criticalmaas_09_ngmdb_14088,"Geologic map of the Challis 1 degree X 2 degree quadrangle, Idaho",https://ngmdb.usgs.gov/Prodesc/proddesc_14088.htm,https://s3.amazonaws.com/public.cdr.land/results/71400af546b5463502b14839057125b1693d4d750c391c514cf19309a50af210.zip,"Geologic map of the Challis 1 degree X 2 degree quadrangle, Idaho","Fisher, F.S., McIntyre, D.H., and Johnson, K.M.",1983,U.S. Geological Survey
criticalmaas_09_ngmdb_9938,"Geologic map of the Challis 1 degree x 2 degrees quadrangle, Idaho [updated GIS data available]",https://ngmdb.usgs.gov/Prodesc/proddesc_9938.htm,https://s3.amazonaws.com/public.cdr.land/results/52b017b145a10dad47a955b912a14ae7cd25d135423549b59b27bb2b8a2b0e51.zip,"Geologic map of the Challis 1 degree x 2 degrees quadrangle, Idaho [updated GIS data available]","Fisher, F.S., McIntyre, D.H., and Johnson, K.M.",1992,U.S. Geological Survey
criticalmaas_09_ngmdb_16507,"Geologic framework of the Willamette lowland aquifer system, Oregon and Washington",https://ngmdb.usgs.gov/Prodesc/proddesc_16507.htm,https://s3.amazonaws.com/public.cdr.land/results/7389243f0c77003d012f266f047d09f705bf05fa21d34fda46fc06d20bb279fc.zip,"Geologic framework of the Willamette lowland aquifer system, Oregon and Washington","Gannett, M.W., and Caldwell, R.R.",1998,U.S. Geological Survey
criticalmaas_09_ngmdb_16507,"Geologic framework of the Willamette lowland aquifer system, Oregon and Washington",https://ngmdb.usgs.gov/Prodesc/proddesc_16507.htm,https://s3.amazonaws.com/public.cdr.land/results/7389243f0cb7003f012f244f047f09f7059705fa23d34fda46fc06d20f72596c.zip,"Geologic framework of the Willamette lowland aquifer system, Oregon and Washington","Gannett, M.W., and Caldwell, R.R.",1998,U.S. Geological Survey
criticalmaas_09_ngmdb_16507,"Geologic framework of the Willamette lowland aquifer system, Oregon and Washington",https://ngmdb.usgs.gov/Prodesc/proddesc_16507.htm,https://s3.amazonaws.com/public.cdr.land/results/708926f70cf7007f006f246f046709f705b7077a23f3435a437c26d201b251ec.zip,"Geologic framework of the Willamette lowland aquifer system, Oregon and Washington","Gannett, M.W., and Caldwell, R.R.",1998,U.S. Geological Survey
criticalmaas_09_ngmdb_16507,"Geologic framework of the Willamette lowland aquifer system, Oregon and Washington",https://ngmdb.usgs.gov/Prodesc/proddesc_16507.htm,https://s3.amazonaws.com/public.cdr.land/results/5869307706730b66017706b30a7328c721d615e519e711eb13e197210721a874.zip,"Geologic framework of the Willamette lowland aquifer system, Oregon and Washington","Gannett, M.W., and Caldwell, R.R.",1998,U.S. Geological Survey
criticalmaas_09_ngmdb_9455,"Geologic map of the Burns quadrangle, Oregon",https://ngmdb.usgs.gov/Prodesc/proddesc_9455.htm,https://s3.amazonaws.com/public.cdr.land/results/4db1493542b344db5c756e357676783b68b35272d341509055256f9325a18065.zip,"Geologic map of the Burns quadrangle, Oregon","Greene, R.C., Walker, G.W., and Corcoran, R.E.",1972,U.S. Geological Survey
criticalmaas_09_ngmdb_9548,"Geologic map of the Spokane quadrangle, Washington, Idaho, and Montana",https://ngmdb.usgs.gov/Prodesc/proddesc_9548.htm,https://s3.amazonaws.com/public.cdr.land/results/d690a166316e324e3207322770c7710673075386538642166e206c99282d682c.zip,"Geologic map of the Spokane quadrangle, Washington, Idaho, and Montana","Griggs, A.B.",1973,U.S. Geological Survey
criticalmaas_09_ngmdb_12251,"Geologic and structure maps of the Wallace 1 degree x 2 degrees quadrangle, Montana and Idaho [updated GIS data available]",https://ngmdb.usgs.gov/Prodesc/proddesc_12251.htm,https://s3.amazonaws.com/public.cdr.land/results/31d473dd5fd16fcd5f8957ad55ad35ab0ec70d2c333e6ac86f890bb36bb3c0d9.zip,"Geologic and structure maps of the Wallace 1 degree x 2 degrees quadrangle, Montana and Idaho [updated GIS data available]","Harrison, J.E., Griggs, A.B., and Wells, J.D.",1986,U.S. Geological Survey
criticalmaas_09_ngmdb_13063,"Geologic map of the western part of the Cut Bank 1 degree X 2 degrees quadrangle, northwestern Montana",https://ngmdb.usgs.gov/Prodesc/proddesc_13063.htm,https://s3.amazonaws.com/public.cdr.land/results/4e956e956a95329d36991a553e572e5916531a634e644f6f925952554675ce40.zip,"Geologic map of the western part of the Cut Bank 1 degree X 2 degrees quadrangle, northwestern Montana","Harrison, J.E., Whipple, J.W., and Lidke, D.J.",1998,U.S. Geological Survey
criticalmaas_09_ngmdb_8879,"Geology, structure, and uranium deposits of the Marble Canyon 1 degree x 2 degrees quadrangle, Arizona",https://ngmdb.usgs.gov/Prodesc/proddesc_8879.htm,https://s3.amazonaws.com/public.cdr.land/results/46d902d905b92df90c39447955b9593d583d5a9d322525252525252583679344.zip,"Geology, structure, and uranium deposits of the Marble Canyon 1 degree x 2 degrees quadrangle, Arizona","Haynes, D.D., and Hackman, R.J.",1978,U.S. Geological Survey
criticalmaas_09_ngmdb_8879,"Geology, structure, and uranium deposits of the Marble Canyon 1 degree x 2 degrees quadrangle, Arizona",https://ngmdb.usgs.gov/Prodesc/proddesc_8879.htm,https://s3.amazonaws.com/public.cdr.land/results/d00260dd1135143d32bd341f054d504e589658ad6cad63557166c19581b06044.zip,"Geology, structure, and uranium deposits of the Marble Canyon 1 degree x 2 degrees quadrangle, Arizona","Haynes, D.D., and Hackman, R.J.",1978,U.S. Geological Survey
criticalmaas_09_ngmdb_9408,"Geology, structure, and uranium deposits of the Cortez quadrangle, Colorado and Utah",https://ngmdb.usgs.gov/Prodesc/proddesc_9408.htm,https://s3.amazonaws.com/public.cdr.land/results/64b467b775a359b709b725a651a64ba369968c261ca61eb69cb68b36cd64c06c.zip,"Geology, structure, and uranium deposits of the Cortez quadrangle, Colorado and Utah","Haynes, D.D., Vogel, J.D., and Wyant, D.G.",1972,U.S. Geological Survey
criticalmaas_09_ngmdb_9408,"Geology, structure, and uranium deposits of the Cortez quadrangle, Colorado and Utah",https://ngmdb.usgs.gov/Prodesc/proddesc_9408.htm,https://s3.amazonaws.com/public.cdr.land/results/609918e51cf50ec53645374d15a512e71ce5349d24b623256925d18199b1d0f1.zip,"Geology, structure, and uranium deposits of the Cortez quadrangle, Colorado and Utah","Haynes, D.D., Vogel, J.D., and Wyant, D.G.",1972,U.S. Geological Survey
criticalmaas_09_ngmdb_2299,"Livingston folio, Montana",https://ngmdb.usgs.gov/Prodesc/proddesc_2299.htm,https://s3.amazonaws.com/public.cdr.land/results/b1c29c369e3f9ec39f4f969696c696669c569c9691de9196919e879689c61cc8.zip,"Livingston folio, Montana","Iddings, J.P., and Weed, W.H.",1894,U.S. Geological Survey
criticalmaas_09_ngmdb_2299,"Livingston folio, Montana",https://ngmdb.usgs.gov/Prodesc/proddesc_2299.htm,https://s3.amazonaws.com/public.cdr.land/results/59ca1c331e3f9ec79f4b96679d6f96679cbf9cbf911f9496948f8f478bce1c8b.zip,"Livingston folio, Montana","Iddings, J.P., and Weed, W.H.",1894,U.S. Geological Survey
criticalmaas_09_ngmdb_2299,"Livingston folio, Montana",https://ngmdb.usgs.gov/Prodesc/proddesc_2299.htm,https://s3.amazonaws.com/public.cdr.land/results/d3ca3c331b3795b39d23946795af86bf94bf9d1f961794969c878a678bd61c8a.zip,"Livingston folio, Montana","Iddings, J.P., and Weed, W.H.",1894,U.S. Geological Survey
criticalmaas_09_ngmdb_9346,"Geologic map of the Trinidad quadrangle, south-central Colorado",https://ngmdb.usgs.gov/Prodesc/proddesc_9346.htm,https://s3.amazonaws.com/public.cdr.land/results/c52034e914e956ed5a691c694de905a925ad64a946ed44edc60d44e9c4a8c420.zip,"Geologic map of the Trinidad quadrangle, south-central Colorado","Johnson, R.B.",1969,U.S. Geological Survey
criticalmaas_09_ngmdb_6248,"Bouguer gravity, aeromagnetic, and generalized geologic maps of part of the Black Hills of South Dakota and Wyoming",https://ngmdb.usgs.gov/Prodesc/proddesc_6248.htm,https://s3.amazonaws.com/public.cdr.land/results/48d8ccdacbd9ccd346db47dbc3d303df13cd13cf09d727c762c74cc746d384cd.zip,"Bouguer gravity, aeromagnetic, and generalized geologic maps of part of the Black Hills of South Dakota and Wyoming","Kleinkopf, M.D., and Redden, J.A.",1975,U.S. Geological Survey
criticalmaas_09_ngmdb_25513,"Water resources of Hempstead, Lafayette, Little River, Miller, and Nevada Counties, Arkansas",https://ngmdb.usgs.gov/Prodesc/proddesc_25513.htm,https://s3.amazonaws.com/public.cdr.land/results/706091164d1e4d3fca3cca59c0618c81cc1f4c6d1c4d8c3b8cfb50db9c5b092c.zip,"Water resources of Hempstead, Lafayette, Little River, Miller, and Nevada Counties, Arkansas","Ludwig, A.H.",1972,U.S. Geological Survey
criticalmaas_09_ngmdb_25513,"Water resources of Hempstead, Lafayette, Little River, Miller, and Nevada Counties, Arkansas",https://ngmdb.usgs.gov/Prodesc/proddesc_25513.htm,https://s3.amazonaws.com/public.cdr.land/results/6244939950c370e710e741f307354a66c8fb818ac18d47e3c7674763c7629086.zip,"Water resources of Hempstead, Lafayette, Little River, Miller, and Nevada Counties, Arkansas","Ludwig, A.H.",1972,U.S. Geological Survey
criticalmaas_09_ngmdb_25513,"Water resources of Hempstead, Lafayette, Little River, Miller, and Nevada Counties, Arkansas",https://ngmdb.usgs.gov/Prodesc/proddesc_25513.htm,https://s3.amazonaws.com/public.cdr.land/results/307180ac60163c464c3949130d07221d825b91fa71bb73b392f381b3017b0079.zip,"Water resources of Hempstead, Lafayette, Little River, Miller, and Nevada Counties, Arkansas","Ludwig, A.H.",1972,U.S. Geological Survey
criticalmaas_09_ngmdb_25513,"Water resources of Hempstead, Lafayette, Little River, Miller, and Nevada Counties, Arkansas",https://ngmdb.usgs.gov/Prodesc/proddesc_25513.htm,https://s3.amazonaws.com/public.cdr.land/results/49c829f2397828da2c7834d85678126792d792d7b2d9496704f73e13341a81ec.zip,"Water resources of Hempstead, Lafayette, Little River, Miller, and Nevada Counties, Arkansas","Ludwig, A.H.",1972,U.S. Geological Survey
criticalmaas_09_ngmdb_10194,"Reconnaissance geologic map of the west half of the Crescent 1 degree by 2 degrees quadrangle, central Oregon",https://ngmdb.usgs.gov/Prodesc/proddesc_10194.htm,https://s3.amazonaws.com/public.cdr.land/results/6dc52ca54c254cc54c551c551c550d150c450e4522456a5569154d956195649d.zip,"Reconnaissance geologic map of the west half of the Crescent 1 degree by 2 degrees quadrangle, central Oregon","MacLeod, N.S., and Sherrod, D.R.",1992,U.S. Geological Survey
criticalmaas_09_ngmdb_13038,"Geologic map of the Harrison 1 degree X 2 degrees quadrangle, Missouri and Arkansas",https://ngmdb.usgs.gov/Prodesc/proddesc_13038.htm,https://s3.amazonaws.com/public.cdr.land/results/4ab446794c3d193d4f354cf555954db54eb567b4120518b55a1558d75ad543b7.zip,"Geologic map of the Harrison 1 degree X 2 degrees quadrangle, Missouri and Arkansas","Middendorf, M.A., Thomson, K.C., Robertson, C.E., Whitfield, J.W., Glick, E.E., Bush, W.V., Haley, B.R., and McFarland, J.D., III",1997,U.S. Geological Survey
criticalmaas_09_ngmdb_22659,"Digital geologic map of the Sandpoint 1 degree X 2 degree quadrangle, Washington, Idaho, and Montana",https://ngmdb.usgs.gov/Prodesc/proddesc_22659.htm,https://s3.amazonaws.com/public.cdr.land/results/78015ae11acb1d7b496d6a6d0a7b6b6e237e166e5aef24ed2aaf079a858dca61.zip,"Digital geologic map of the Sandpoint 1 degree X 2 degree quadrangle, Washington, Idaho, and Montana","Miller, F.K., Burmester, R.F., Powell, R.E., Miller, D.M., and Derkey, P.D.",1999,U.S. Geological Survey
criticalmaas_09_ngmdb_8982,"Geologic map of the Tooele 1 degree by 2 degrees quadrangle, Utah",https://ngmdb.usgs.gov/Prodesc/proddesc_8982.htm,https://s3.amazonaws.com/public.cdr.land/results/63297329c3c962a9c2b982bb92bf4aa668b764b5974252256f056e254ab580e9.zip,"Geologic map of the Tooele 1 degree by 2 degrees quadrangle, Utah","Moore, W.J., and Sorensen, M.L.",1979,U.S. Geological Survey
criticalmaas_09_ngmdb_9123,"Geologic and structure map of the Choteau 1 degree X 2 degrees quadrangle, western Montana [republished in 2001 as a digital database]",https://ngmdb.usgs.gov/Prodesc/proddesc_9123.htm,https://s3.amazonaws.com/public.cdr.land/results/708928d328d308d318f350f350f348f34c7b64bb633b58994c9303330333e300.zip,"Geologic and structure map of the Choteau 1 degree X 2 degrees quadrangle, western Montana [republished in 2001 as a digital database]","Mudge, M.R., Earnhart, R.L., Whipple, J.W., and Harrison, J.E.",1982,U.S. Geological Survey
criticalmaas_09_ngmdb_9123,"Geologic and structure map of the Choteau 1 degree X 2 degrees quadrangle, western Montana [republished in 2001 as a digital database]",https://ngmdb.usgs.gov/Prodesc/proddesc_9123.htm,https://s3.amazonaws.com/public.cdr.land/results/5ad40ad51ad51ad58e5597555bf549d544d572d586150755075169551557e614.zip,"Geologic and structure map of the Choteau 1 degree X 2 degrees quadrangle, western Montana [republished in 2001 as a digital database]","Mudge, M.R., Earnhart, R.L., Whipple, J.W., and Harrison, J.E.",1982,U.S. Geological Survey
criticalmaas_09_ngmdb_8978,"Geologic map of the Preston 1 degree x 2 degrees quadrangle, southeastern Idaho and western Wyoming",https://ngmdb.usgs.gov/Prodesc/proddesc_8978.htm,https://s3.amazonaws.com/public.cdr.land/results/49f44dfd45b30df30df711b530f531fb34f936f852a552a556ad52ad52ad62dc.zip,"Geologic map of the Preston 1 degree x 2 degrees quadrangle, southeastern Idaho and western Wyoming","Oriel, S.S., and Platt, L.B.",1980,U.S. Geological Survey
criticalmaas_09_ngmdb_1389,"Geology, structure, and uranium deposits of the Shiprock quadrangle, New Mexico and Arizona",https://ngmdb.usgs.gov/Prodesc/proddesc_1389.htm,https://s3.amazonaws.com/public.cdr.land/results/c8e464e924f96ef10df30ced14e95ce94c694c6b0c6ae71c9a499ac96258e4f4.zip,"Geology, structure, and uranium deposits of the Shiprock quadrangle, New Mexico and Arizona","O'Sullivan, R.B., and Beikman, H.M.",1963,U.S. Geological Survey
criticalmaas_09_ngmdb_1389,"Geology, structure, and uranium deposits of the Shiprock quadrangle, New Mexico and Arizona",https://ngmdb.usgs.gov/Prodesc/proddesc_1389.htm,https://s3.amazonaws.com/public.cdr.land/results/e4d15197698d43cd47b544b546b541af61ee60f664cd64c544f348d088cc60cc.zip,"Geology, structure, and uranium deposits of the Shiprock quadrangle, New Mexico and Arizona","O'Sullivan, R.B., and Beikman, H.M.",1963,U.S. Geological Survey
criticalmaas_09_ngmdb_20268,"Geology and mineral deposits of the Colville Indian Reservation, Washington",https://ngmdb.usgs.gov/Prodesc/proddesc_20268.htm,https://s3.amazonaws.com/public.cdr.land/results/dc98c9338b33953335b319b359bb39ab1ca33cb36c9ec49c64264ba659d45d99.zip,"Geology and mineral deposits of the Colville Indian Reservation, Washington","Pardee, J.T.",1918,U.S. Geological Survey
criticalmaas_09_ngmdb_2435,"Three Forks folio, Montana",https://ngmdb.usgs.gov/Prodesc/proddesc_2435.htm,https://s3.amazonaws.com/public.cdr.land/results/39c004370a770f870acf0ad7003799678c1f8c3f8d3f9d1f8c9f8e4f8e4ff8d0.zip,"Three Forks folio, Montana","Peale, A.C.",1896,U.S. Geological Survey
criticalmaas_09_ngmdb_2435,"Three Forks folio, Montana",https://ngmdb.usgs.gov/Prodesc/proddesc_2435.htm,https://s3.amazonaws.com/public.cdr.land/results/d9009ce698e69a2a96869cd699d69926991694769d8698cc948494cc9cc4e020.zip,"Three Forks folio, Montana","Peale, A.C.",1896,U.S. Geological Survey
criticalmaas_09_ngmdb_2435,"Three Forks folio, Montana",https://ngmdb.usgs.gov/Prodesc/proddesc_2435.htm,https://s3.amazonaws.com/public.cdr.land/results/bbc40c170a370f9f1bcf1ecf09b799b78c1f0c7f9c7f9d879ca796e796e7f898.zip,"Three Forks folio, Montana","Peale, A.C.",1896,U.S. Geological Survey
criticalmaas_09_ngmdb_2435,"Three Forks folio, Montana",https://ngmdb.usgs.gov/Prodesc/proddesc_2435.htm,https://s3.amazonaws.com/public.cdr.land/results/b8ca08371a371697168710af01fb92d708bf9cef8e4f991f9c4f947f9d77cb30.zip,"Three Forks folio, Montana","Peale, A.C.",1896,U.S. Geological Survey
criticalmaas_09_ngmdb_13139,Geology of the central and northern parts of the western Cascade Range in Oregon,https://ngmdb.usgs.gov/Prodesc/proddesc_13139.htm,https://s3.amazonaws.com/public.cdr.land/results/70cdc0cd43c543ccc1c403c607c467c613c611a40d8d2b277365366d7673486b.zip,Geology of the central and northern parts of the western Cascade Range in Oregon,"Peck, D.L., Griggs, A.B., Schlicker, H.G., Wells, F.G., and Dole, H.M.",1964,U.S. Geological Survey
criticalmaas_09_ngmdb_13047,"Geologic map of the Cody 1 degree X 2 degree quadrangle, northwestern Wyoming",https://ngmdb.usgs.gov/Prodesc/proddesc_13047.htm,https://s3.amazonaws.com/public.cdr.land/results/693b1b3b0a1b0f1b079b535b697b6bd91ad94b4b696969496969696d696d82f1.zip,"Geologic map of the Cody 1 degree X 2 degree quadrangle, northwestern Wyoming","Pierce, W.G.",1997,U.S. Geological Survey
criticalmaas_09_ngmdb_25097,"Water resources of Clark, Cleveland, and Dallas Counties, Arkansas",https://ngmdb.usgs.gov/Prodesc/proddesc_25097.htm,https://s3.amazonaws.com/public.cdr.land/results/c260638031b82b1bc99f6c9f6eb30d3b626969e769e5ca6158ab38e92c6550d8.zip,"Water resources of Clark, Cleveland, and Dallas Counties, Arkansas","Plebuch, R.O., and Hines, M.S.",1969,U.S. Geological Survey
criticalmaas_09_ngmdb_12242,"Geologic map of the Rolla 1 degree x 2 degrees quadrangle, Missouri",https://ngmdb.usgs.gov/Prodesc/proddesc_12242.htm,https://s3.amazonaws.com/public.cdr.land/results/40e20365457549f341f10df71df11dd509d12df7a6172c9524d59cd51895c316.zip,"Geologic map of the Rolla 1 degree x 2 degrees quadrangle, Missouri","Pratt, W.P., Middendorf, M.A., Satterfield, I.R., and Gerdemann, P.E.",1992,U.S. Geological Survey
criticalmaas_09_ngmdb_12252,"Geologic map of the Vernal 1 degree x 2 degrees quadrangle, Colorado, Utah, and Wyoming",https://ngmdb.usgs.gov/Prodesc/proddesc_12252.htm,https://s3.amazonaws.com/public.cdr.land/results/52d453d113b12db327b34bd142ed04e946eb0e2969b948ab4733553f25be80d8.zip,"Geologic map of the Vernal 1 degree x 2 degrees quadrangle, Colorado, Utah, and Wyoming","Rowley, P.D., Hansen, W.R., Tweto, Ogden, and Carrara, P.E.",1985,U.S. Geological Survey
criticalmaas_09_ngmdb_9931,"Geologic map of the Dillon 1 degree x 2 degrees quadrangle, Idaho and Montana",https://ngmdb.usgs.gov/Prodesc/proddesc_9931.htm,https://s3.amazonaws.com/public.cdr.land/results/75b1659147b346e34eab4da16d9527ad18031a8d7aad30854955698b294700e1.zip,"Geologic map of the Dillon 1 degree x 2 degrees quadrangle, Idaho and Montana","Ruppel, E.T., O'Neill, J.M., and Lopez, D.A.",1993,U.S. Geological Survey
criticalmaas_09_ngmdb_9348,"Geologic and structure contour map of the La Junta quadrangle, Colorado and Kansas",https://ngmdb.usgs.gov/Prodesc/proddesc_9348.htm,https://s3.amazonaws.com/public.cdr.land/results/f1004c710cf509f95bf952f52b753fbd1eb53db56d3527b5037493c29242c08e.zip,"Geologic and structure contour map of the La Junta quadrangle, Colorado and Kansas","Scott, G.R.",1968,U.S. Geological Survey
criticalmaas_09_ngmdb_8950,"Map showing geology, structure, and oil and gas fields in the Sterling 1 degree x 2 degrees quadrangle, Colorado, Nebraska, and Kansas [GIS data]",https://ngmdb.usgs.gov/Prodesc/proddesc_8950.htm,https://s3.amazonaws.com/public.cdr.land/results/eca0117136715c717a6b72ee41eb65eb61eb4beb4f694d6b464b86cb86cea436.zip,"Map showing geology, structure, and oil and gas fields in the Sterling 1 degree x 2 degrees quadrangle, Colorado, Nebraska, and Kansas [GIS data]","Scott, G.R.",1978,U.S. Geological Survey
criticalmaas_09_ngmdb_8950,"Map showing geology, structure, and oil and gas fields in the Sterling 1 degree x 2 degrees quadrangle, Colorado, Nebraska, and Kansas [GIS data]",https://ngmdb.usgs.gov/Prodesc/proddesc_8950.htm,https://s3.amazonaws.com/public.cdr.land/results/7211362e06be073526754f6547a94f4559c6773642f66e664d0681f689b6a109.zip,"Map showing geology, structure, and oil and gas fields in the Sterling 1 degree x 2 degrees quadrangle, Colorado, Nebraska, and Kansas [GIS data]","Scott, G.R.",1978,U.S. Geological Survey
criticalmaas_09_ngmdb_8893,"Geologic map of the Pueblo 1 degree x 2 degrees quadrangle, south-central Colorado",https://ngmdb.usgs.gov/Prodesc/proddesc_8893.htm,https://s3.amazonaws.com/public.cdr.land/results/5da00da54fe50fe34fa15f655bc55b844d942e972eb78ca3b692258318a480f8.zip,"Geologic map of the Pueblo 1 degree x 2 degrees quadrangle, south-central Colorado","Scott, G.R., Taylor, R.B., Epis, R.C., and Wobus, R.A.",1978,U.S. Geological Survey
criticalmaas_09_ngmdb_9832,"Geologic map of the Lamar quadrangle, Colorado and Kansas [GIS data]",https://ngmdb.usgs.gov/Prodesc/proddesc_9832.htm,https://s3.amazonaws.com/public.cdr.land/results/eb1065d256d27a763c351e351b3545b5799759b551b51b7453652f252ce58209.zip,"Geologic map of the Lamar quadrangle, Colorado and Kansas [GIS data]","Sharps, J.A.",1976,U.S. Geological Survey
criticalmaas_09_ngmdb_9063,"Geologic map of the Limon 1 degree x 2 degrees quadrangle, Colorado and Kansas",https://ngmdb.usgs.gov/Prodesc/proddesc_9063.htm,https://s3.amazonaws.com/public.cdr.land/results/5840671d673556395a765ab67e357b3573b5539752d54cd72dd5c32582a49245.zip,"Geologic map of the Limon 1 degree x 2 degrees quadrangle, Colorado and Kansas","Sharps, J.A.",1980,U.S. Geological Survey
criticalmaas_09_ngmdb_10171,"Geologic map of the west half of the Klamath Falls 1 degree by 2 degrees quadrangle, south-central Oregon",https://ngmdb.usgs.gov/Prodesc/proddesc_10171.htm,https://s3.amazonaws.com/public.cdr.land/results/43615b711b592349334927494349534942497d4949491adb3c9b36a9373b48fd.zip,"Geologic map of the west half of the Klamath Falls 1 degree by 2 degrees quadrangle, south-central Oregon","Sherrod, D.R., and Pickthorn, L.B.G.",1992,U.S. Geological Survey
criticalmaas_09_ngmdb_28120,"Geologic map and cross sections showing configurations of bedrock surfaces, Broken Bow 1 degree X 2 degree quadrangle, east-central Nebraska",https://ngmdb.usgs.gov/Prodesc/proddesc_28120.htm,https://s3.amazonaws.com/public.cdr.land/results/74b16d334633423b593750b758b74cb353b1c3036ba36da79a831309054b80c1.zip,"Geologic map and cross sections showing configurations of bedrock surfaces, Broken Bow 1 degree X 2 degree quadrangle, east-central Nebraska","Souders, V.L.",2000,U.S. Geological Survey
criticalmaas_09_ngmdb_9518,"Geologic map of the Durango quadrangle, southwestern Colorado",https://ngmdb.usgs.gov/Prodesc/proddesc_9518.htm,https://s3.amazonaws.com/public.cdr.land/results/65d867cd77c577c577f173d976d92cd94dd9844176c156b556d50697189ea8e9.zip,"Geologic map of the Durango quadrangle, southwestern Colorado","Steven, T.A., Lipman, P.W., Hail, W.J., Barker, Fred, and Luedke, R.G.",1974,U.S. Geological Survey
criticalmaas_09_ngmdb_9991,"Geologic map of the Richfield 1 degree x 2 degrees quadrangle, west-central Utah",https://ngmdb.usgs.gov/Prodesc/proddesc_9991.htm,https://s3.amazonaws.com/public.cdr.land/results/a8a42db561c593a1b1b331b561e569e516a552b361b666a662b1119913a900e3.zip,"Geologic map of the Richfield 1 degree x 2 degrees quadrangle, west-central Utah","Steven, T.A., Morris, H.T., and Rowley, P.D.",1990,U.S. Geological Survey
criticalmaas_09_ngmdb_9354,"Reconnaissance geologic map of the east half of the Bend quadrangle, Crook, Wheeler, Jefferson, Wasco, and Deschutes Counties, Oregon",https://ngmdb.usgs.gov/Prodesc/proddesc_9354.htm,https://s3.amazonaws.com/public.cdr.land/results/4e906d656d7555554d754d252d352d552d5725553665193645946cc51cd4c0b6.zip,"Reconnaissance geologic map of the east half of the Bend quadrangle, Crook, Wheeler, Jefferson, Wasco, and Deschutes Counties, Oregon","Swanson, D.A.",1969,U.S. Geological Survey
criticalmaas_09_ngmdb_96078,"Geologic map of the Scottsbluff 1 degree x 2 degrees quadrangle, Nebraska and Colorado [GIS data]",https://ngmdb.usgs.gov/Prodesc/proddesc_96078.htm,https://s3.amazonaws.com/public.cdr.land/results/50e958326472336a19ea77ea4fea4b3a5baa7328155455546d542d5425556639.zip,"Geologic map of the Scottsbluff 1 degree x 2 degrees quadrangle, Nebraska and Colorado [GIS data]","Swinehart, J.B., and Diffendal, R.F., Jr.",1997,U.S. Geological Survey
criticalmaas_09_ngmdb_9855,"Geologic map of the Leadville 1 degree x 2 degrees quadrangle, northwestern Colorado",https://ngmdb.usgs.gov/Prodesc/proddesc_9855.htm,https://s3.amazonaws.com/public.cdr.land/results/60b059b93af924794d79103912b908b904b106bde2c90a8b1aad7aad03ad8694.zip,"Geologic map of the Leadville 1 degree x 2 degrees quadrangle, northwestern Colorado","Tweto, Ogden, Moench, R.H., and Reed, J.C.",1978,U.S. Geological Survey
criticalmaas_09_ngmdb_3904,"Preliminary geologic map of the Montrose 1 degree x 2 degrees quadrangle, southwestern Colorado",https://ngmdb.usgs.gov/Prodesc/proddesc_3904.htm,https://s3.amazonaws.com/public.cdr.land/results/46b50379197d08792c79563547355e35366d56a5d2ad52a556a556a587258721.zip,"Preliminary geologic map of the Montrose 1 degree x 2 degrees quadrangle, southwestern Colorado","Tweto, Ogden, Steven, T.A., Hail, W.J., and Moench, R.H.",1976,U.S. Geological Survey
criticalmaas_09_ngmdb_9245,"Map showing geology, structure, and uranium deposits of the Flagstaff 1 degrees x 2 degrees quadrangle, Arizona",https://ngmdb.usgs.gov/Prodesc/proddesc_9245.htm,https://s3.amazonaws.com/public.cdr.land/results/40d030a5382118a53ca929214c673c7935383426326f73ed758d824d938da30d.zip,"Map showing geology, structure, and uranium deposits of the Flagstaff 1 degrees x 2 degrees quadrangle, Arizona","Ulrich, G.E., Billingsley, G.H., Hereford, Richard, Wolfe, E.W., Nealey, L.D., and Sutton, R.L.",1984,U.S. Geological Survey
criticalmaas_09_ngmdb_9245,"Map showing geology, structure, and uranium deposits of the Flagstaff 1 degrees x 2 degrees quadrangle, Arizona",https://ngmdb.usgs.gov/Prodesc/proddesc_9245.htm,https://s3.amazonaws.com/public.cdr.land/results/74f431473b636b665c665c664ce62c656665665534d538555c555855c4d484d2.zip,"Map showing geology, structure, and uranium deposits of the Flagstaff 1 degrees x 2 degrees quadrangle, Arizona","Ulrich, G.E., Billingsley, G.H., Hereford, Richard, Wolfe, E.W., Nealey, L.D., and Sutton, R.L.",1984,U.S. Geological Survey
criticalmaas_09_ngmdb_2678,"Reconnaissance geologic map of the eastern half of the Klamath Falls (AMS) quadrangle, Lake and Klamath Counties, Oregon",https://ngmdb.usgs.gov/Prodesc/proddesc_2678.htm,https://s3.amazonaws.com/public.cdr.land/results/dc042bc92bd9a8c924d9a3c5c2c541d920d926d926cda6a78e9482b4c0cadcd2.zip,"Reconnaissance geologic map of the eastern half of the Klamath Falls (AMS) quadrangle, Lake and Klamath Counties, Oregon","Walker, G.W.",1963,U.S. Geological Survey
criticalmaas_09_ngmdb_9485,"Reconnaissance geologic map of the Pendleton quadrangle, Oregon and Washington",https://ngmdb.usgs.gov/Prodesc/proddesc_9485.htm,https://s3.amazonaws.com/public.cdr.land/results/53696169426d4069446d5d6d496d136d566c586d696d460d54911605661580c3.zip,"Reconnaissance geologic map of the Pendleton quadrangle, Oregon and Washington","Walker, G.W.",1973,U.S. Geological Survey
criticalmaas_09_ngmdb_8976,"Reconnaissance geologic map of the Oregon part of the Grangeville quadrangle, Baker, Union, Umatilla, and Wallowa Counties, Oregon",https://ngmdb.usgs.gov/Prodesc/proddesc_8976.htm,https://s3.amazonaws.com/public.cdr.land/results/77694ba759de56db646b34fb18d909fb0dfb4dc909ab6ac34a496a4b8a498b2b.zip,"Reconnaissance geologic map of the Oregon part of the Grangeville quadrangle, Baker, Union, Umatilla, and Wallowa Counties, Oregon","Walker, G.W.",1979,U.S. Geological Survey
criticalmaas_09_ngmdb_9972,"Geologic map of the Salem 1 degree x 2 degrees, quadrangle, western Oregon",https://ngmdb.usgs.gov/Prodesc/proddesc_9972.htm,https://s3.amazonaws.com/public.cdr.land/results/28e438e3796b5ce45a65126538673c67a695e45121555b155a55525512570703.zip,"Geologic map of the Salem 1 degree x 2 degrees, quadrangle, western Oregon","Walker, G.W., and Duncan, R.A.",1989,U.S. Geological Survey
criticalmaas_09_ngmdb_1708,"Reconnaissance geologic map of the east half of the Crescent quadrangle, Lake, Deschutes, and Crook Counties, Oregon",https://ngmdb.usgs.gov/Prodesc/proddesc_1708.htm,https://s3.amazonaws.com/public.cdr.land/results/c92a163516b56765578546656755275d275507551f9d4e1101e50bc78716849e.zip,"Reconnaissance geologic map of the east half of the Crescent quadrangle, Lake, Deschutes, and Crook Counties, Oregon","Walker, G.W., Peterson, N.V., and Greene, R.C.",1967,U.S. Geological Survey
criticalmaas_09_ngmdb_1687,"Reconnaissance geologic map of the Adel quadrangle, Lake, Harney, and Malheur Counties, Oregon",https://ngmdb.usgs.gov/Prodesc/proddesc_1687.htm,https://s3.amazonaws.com/public.cdr.land/results/74c06bd85cca13ca53486b483b48364a0eca22cac648a498e9c98949a15ae6f0.zip,"Reconnaissance geologic map of the Adel quadrangle, Lake, Harney, and Malheur Counties, Oregon","Walker, G.W., and Repenning, C.A.",1965,U.S. Geological Survey
criticalmaas_09_ngmdb_1709,"Reconnaissance geologic map of the west half of the Jordan Valley quadrangle, Malheur County, Oregon",https://ngmdb.usgs.gov/Prodesc/proddesc_1709.htm,https://s3.amazonaws.com/public.cdr.land/results/6f00563536352625368536a536356635463616365636563599325d3745368ede.zip,"Reconnaissance geologic map of the west half of the Jordan Valley quadrangle, Malheur County, Oregon","Walker, G.W., and Repenning, C.A.",1966,U.S. Geological Survey
criticalmaas_09_ngmdb_2460,"Fort Benton, Montana",https://ngmdb.usgs.gov/Prodesc/proddesc_2460.htm,https://s3.amazonaws.com/public.cdr.land/results/0211084f34cb21e323c31843203320f320cb09d30ef30ad749d544bf08e32001.zip,"Fort Benton, Montana","Weed, W.H.",1899,U.S. Geological Survey
criticalmaas_09_ngmdb_2460,"Fort Benton, Montana",https://ngmdb.usgs.gov/Prodesc/proddesc_2460.htm,https://s3.amazonaws.com/public.cdr.land/results/5081092d0ccf0def036f0c4f08ef04ff0c3f09ff4eef4bef497f423f4add2001.zip,"Fort Benton, Montana","Weed, W.H.",1899,U.S. Geological Survey
criticalmaas_09_ngmdb_2460,"Fort Benton, Montana",https://ngmdb.usgs.gov/Prodesc/proddesc_2460.htm,https://s3.amazonaws.com/public.cdr.land/results/5411496d04cf25a723e7094f092b08fb00ff09cf4eef0bef087f0bbf42dd2001.zip,"Fort Benton, Montana","Weed, W.H.",1899,U.S. Geological Survey
criticalmaas_09_ngmdb_2460,"Fort Benton, Montana",https://ngmdb.usgs.gov/Prodesc/proddesc_2460.htm,https://s3.amazonaws.com/public.cdr.land/results/5081096d04ef21af03cf0e4f2e4b24bb296f4deb07e309e70a7b4bbf15ed2211.zip,"Fort Benton, Montana","Weed, W.H.",1899,U.S. Geological Survey
criticalmaas_09_ngmdb_2461,"Little Belt Mountains folio, Montana",https://ngmdb.usgs.gov/Prodesc/proddesc_2461.htm,https://s3.amazonaws.com/public.cdr.land/results/42d10c6d02fb08db03b720bf0cdb26cb235b098b04330c370e3d5c3d4a556851.zip,"Little Belt Mountains folio, Montana","Weed, W.H.",1899,U.S. Geological Survey
criticalmaas_09_ngmdb_2461,"Little Belt Mountains folio, Montana",https://ngmdb.usgs.gov/Prodesc/proddesc_2461.htm,https://s3.amazonaws.com/public.cdr.land/results/79c10a5b021f081f018f009f0e2f014f034f0b8f0c274c3fcc3fda3fd0b36041.zip,"Little Belt Mountains folio, Montana","Weed, W.H.",1899,U.S. Geological Survey
criticalmaas_09_ngmdb_2461,"Little Belt Mountains folio, Montana",https://ngmdb.usgs.gov/Prodesc/proddesc_2461.htm,https://s3.amazonaws.com/public.cdr.land/results/5d0102cb02cf098f03af00bf074f233f035f098f0a2f0c3b0c3f0a3f30e34441.zip,"Little Belt Mountains folio, Montana","Weed, W.H.",1899,U.S. Geological Survey
criticalmaas_09_ngmdb_4653,"Geology and ore deposits of the Butte district, Montana",https://ngmdb.usgs.gov/Prodesc/proddesc_4653.htm,https://s3.amazonaws.com/public.cdr.land/results/3958399d50af37cb037b0e2d310f224b461f055c16dc249c378c1f0d112cf1c0.zip,"Geology and ore deposits of the Butte district, Montana","Weed, W.H.",1912,U.S. Geological Survey
criticalmaas_09_ngmdb_4653,"Geology and ore deposits of the Butte district, Montana",https://ngmdb.usgs.gov/Prodesc/proddesc_4653.htm,https://s3.amazonaws.com/public.cdr.land/results/4959485b0947440f489f443f66134717453f6717469f4d8f459f6457cc799932.zip,"Geology and ore deposits of the Butte district, Montana","Weed, W.H.",1912,U.S. Geological Survey
criticalmaas_09_ngmdb_9374,"Geology of the Salina quadrangle, Utah",https://ngmdb.usgs.gov/Prodesc/proddesc_9374.htm,https://s3.amazonaws.com/public.cdr.land/results/51b035b9379946996eb16cb55eb559b94db96db94db96eb14f3126394eb10d24.zip,"Geology of the Salina quadrangle, Utah","Williams, P.E., and Hackman, R.J.",1971,U.S. Geological Survey
criticalmaas_09_ngmdb_1388,"Geology, structure, and uranium deposits of the Moab quadrangle, Colorado and Utah",https://ngmdb.usgs.gov/Prodesc/proddesc_1388.htm,https://s3.amazonaws.com/public.cdr.land/results/7081634d233d349d0b9b059d174d656d2aad60cd55dd718d314dc153849c9080.zip,"Geology, structure, and uranium deposits of the Moab quadrangle, Colorado and Utah","Williams, P.L.",1964,U.S. Geological Survey
criticalmaas_09_ngmdb_1388,"Geology, structure, and uranium deposits of the Moab quadrangle, Colorado and Utah",https://ngmdb.usgs.gov/Prodesc/proddesc_1388.htm,https://s3.amazonaws.com/public.cdr.land/results/c0c407b21bba19a3259325b361934d924d9325938c5b86a253b21fb416b2c0f1.zip,"Geology, structure, and uranium deposits of the Moab quadrangle, Colorado and Utah","Williams, P.L.",1964,U.S. Geological Survey
criticalmaas_09_ngmdb_9381,"Map showing types of bedrock and surficial deposits, Salina quadrangle, Utah",https://ngmdb.usgs.gov/Prodesc/proddesc_9381.htm,https://s3.amazonaws.com/public.cdr.land/results/6cdd097819de58de019e439f4edf245b661b471b471bc365c2d79495c4d544d1.zip,"Map showing types of bedrock and surficial deposits, Salina quadrangle, Utah","Williams, P.L.",1972,U.S. Geological Survey
criticalmaas_09_ngmdb_10267,"Geologic map of the eastern part of the Challis National Forest and vicinity, Idaho",https://ngmdb.usgs.gov/Prodesc/proddesc_10267.htm,https://s3.amazonaws.com/public.cdr.land/results/4b791a6d58594cd926e913495b694ca966c963497d4934cd1ecd47c9276d20c6.zip,"Geologic map of the eastern part of the Challis National Forest and vicinity, Idaho","Wilson, A.B., and Skipp, Betty",1994,U.S. Geological Survey
criticalmaas_09_ngmdb_10288,"Geologic map of the Price 1 degree x 2 degrees quadrangle, Utah",https://ngmdb.usgs.gov/Prodesc/proddesc_10288.htm,https://s3.amazonaws.com/public.cdr.land/results/35984ff947c94dd959d91bd931d131a18e6113c54995430d13eb50e664e530e5.zip,"Geologic map of the Price 1 degree x 2 degrees quadrangle, Utah","Witkind, I.J.",1995,U.S. Geological Survey
criticalmaas_09_ngmdb_52740,Bedrock geology of northwest Iowa,https://ngmdb.usgs.gov/Prodesc/proddesc_52740.htm,https://s3.amazonaws.com/public.cdr.land/results/88e14ee9368972892a39309930c93adb769b6899295b252b2adb809b6309030d.zip,Bedrock geology of northwest Iowa,"Witzke, B.J., Ludvigson, G.A., Anderson, R.R., Bunker, B.J., Slaughter, M.K., Giglierano, J.D., Pope, J.P., Whitsett, T.M., and Bounk, M.J.",1997,Iowa Geological Survey
criticalmaas_09_ngmdb_52741,Bedrock geology of northeast Iowa,https://ngmdb.usgs.gov/Prodesc/proddesc_52741.htm,https://s3.amazonaws.com/public.cdr.land/results/088a2cce276423e62bc63be611fa10bc38ce10d7107b32733a133a06392d6013.zip,Bedrock geology of northeast Iowa,"Witzke, B.J., Ludvigson, G.A., McKay, R.M., Anderson, R.R., Bunker, B.J., Giglierano, J.D., Pope, J.P., Goettemoeller, A.E., and Slaughter, M.K.",1998,Iowa Geological Survey
criticalmaas_09_ngmdb_22335,"Map showing geologic terranes of the Hailey 1 degree x 2 degrees quadrangle and the western part of the Idaho Falls 1 degree x 2 degrees quadrangle, south-central Idaho [updated GIS data available]",https://ngmdb.usgs.gov/Prodesc/proddesc_22335.htm,https://s3.amazonaws.com/public.cdr.land/results/6e99263d5c331c3772977a3718571e1919b10df54735c0f10558015b017b00e0.zip,"Map showing geologic terranes of the Hailey 1 degree x 2 degrees quadrangle and the western part of the Idaho Falls 1 degree x 2 degrees quadrangle, south-central Idaho [updated GIS data available]","Worl, R.G., and Johnson, K.M.",1995,U.S. Geological Survey
criticalmaas_09_ngmdb_10301,"Geologic map of the Ontonagon and part of the Wakefield 30' X 60' quadrangles, Michigan",https://ngmdb.usgs.gov/Prodesc/proddesc_10301.htm,https://s3.amazonaws.com/public.cdr.land/results/324c32cbb619b22cb2dba67b24ea27caa65aa7ef21cf38caaafaaaa2aab2a0f1.zip,"Geologic map of the Ontonagon and part of the Wakefield 30' X 60' quadrangles, Michigan","Cannon, W.F., Nicholson, S.W., Woodruff, L.G., Hedgman, C.A., and Schulz, K.J.",1995,U.S. Geological Survey
criticalmaas_09_ngmdb_13052,"Bedrock geologic map of the Ashland and the northern part of the Ironwood 30' X 60' quadrangles, Wisconsin, and Michigan",https://ngmdb.usgs.gov/Prodesc/proddesc_13052.htm,https://s3.amazonaws.com/public.cdr.land/results/5b0d4b051ed56ed16f19621b40db21fb4fdb4d995559554b554b574b554b26d3.zip,"Bedrock geologic map of the Ashland and the northern part of the Ironwood 30' X 60' quadrangles, Wisconsin, and Michigan","Cannon, W.F., Woodruff, L.G., Nicholson, S.W., and Hedgman, C.A.",1996,U.S. Geological Survey
criticalmaas_09_ngmdb_112084,"Bedrock geologic map of the Port Wing, Solon Springs, and parts of the Duluth and Sandstone 30' x 60' quadrangles, Wisconsin and Minnesota [see GIS data]",https://ngmdb.usgs.gov/Prodesc/proddesc_112084.htm,https://s3.amazonaws.com/public.cdr.land/results/610a654b653d10e921e90f7d3d2d348d741d543d30ff01ad0f11073320f3b8d1.zip,"Bedrock geologic map of the Port Wing, Solon Springs, and parts of the Duluth and Sandstone 30' x 60' quadrangles, Wisconsin and Minnesota [see GIS data]","Nicholson, S.W., Cannon, W.F., Woodruff, L.G., and DIcken, C.L.",2006,U.S. Geological Survey
criticalmaas_09_ngmdb_10004,"Geologic map of Precambrian rocks of Neillsville-Stevens Point area, central Wisconsin",https://ngmdb.usgs.gov/Prodesc/proddesc_10004.htm,https://s3.amazonaws.com/public.cdr.land/results/6cc658764c3f0c0d0c4558471c97319669b631c709f50b2129294d296d3102f4.zip,"Geologic map of Precambrian rocks of Neillsville-Stevens Point area, central Wisconsin","Sims, P.K.",1990,U.S. Geological Survey
criticalmaas_09_ngmdb_10242,"Geologic map of Precambrian rocks of parts of Iron Mountain and Escanaba 30' X 60' quadrangles, northeastern Wisconsin and adjacent Michigan",https://ngmdb.usgs.gov/Prodesc/proddesc_10242.htm,https://s3.amazonaws.com/public.cdr.land/results/63286b2d3ba90fbb27aa536b4b23690127a30be34b290f4b0d2e718e72ca0cec.zip,"Geologic map of Precambrian rocks of parts of Iron Mountain and Escanaba 30' X 60' quadrangles, northeastern Wisconsin and adjacent Michigan","Sims, P.K., and Schulz, K.J.",1993,U.S. Geological Survey
criticalmaas_09_ngmdb_1399,"Map showing Precambrian geology of the Menominee iron-bearing district and vicinity, Michigan and Wisconsin",https://ngmdb.usgs.gov/Prodesc/proddesc_1399.htm,https://s3.amazonaws.com/public.cdr.land/results/2c602469286529242a512b312a132e7130e10ce38535013968e71493c46bc844.zip,"Map showing Precambrian geology of the Menominee iron-bearing district and vicinity, Michigan and Wisconsin","Dutton, C.E., and Linebaugh, R.E.",1967,U.S. Geological Survey
criticalmaas_09_ngmdb_2317,"Casselton-Fargo folio, North Dakota-Minnesota",https://ngmdb.usgs.gov/Prodesc/proddesc_2317.htm,https://s3.amazonaws.com/public.cdr.land/results/60010ccd016e0dae099e018e052f09ad09ad0bad018d118d0abd1aad10ad6101.zip,"Casselton-Fargo folio, North Dakota-Minnesota","Hall, C.M., and Willard, D.E.",1905,U.S. Geological Survey
criticalmaas_09_ngmdb_2317,"Casselton-Fargo folio, North Dakota-Minnesota",https://ngmdb.usgs.gov/Prodesc/proddesc_2317.htm,https://s3.amazonaws.com/public.cdr.land/results/60850b59075f06df0c9f1d3f1c7f1dff171f1fd913fd151d1059179d55a94251.zip,"Casselton-Fargo folio, North Dakota-Minnesota","Hall, C.M., and Willard, D.E.",1905,U.S. Geological Survey
criticalmaas_09_ngmdb_20459,"Geology and water resources of the Edgeley and La Moure quadrangles, North Dakota",https://ngmdb.usgs.gov/Prodesc/proddesc_20459.htm,https://s3.amazonaws.com/public.cdr.land/results/37c63fc61d373f072f862f0627c627e727c6374e17c627162f062e066e46f1d8.zip,"Geology and water resources of the Edgeley and La Moure quadrangles, North Dakota","Hard, H.A.",1929,U.S. Geological Survey
criticalmaas_09_ngmdb_20459,"Geology and water resources of the Edgeley and La Moure quadrangles, North Dakota",https://ngmdb.usgs.gov/Prodesc/proddesc_20459.htm,https://s3.amazonaws.com/public.cdr.land/results/229632973297399638163e1632161316019607960f960b16129e163e263661d8.zip,"Geology and water resources of the Edgeley and La Moure quadrangles, North Dakota","Hard, H.A.",1929,U.S. Geological Survey
criticalmaas_09_ngmdb_20459,"Geology and water resources of the Edgeley and La Moure quadrangles, North Dakota",https://ngmdb.usgs.gov/Prodesc/proddesc_20459.htm,https://s3.amazonaws.com/public.cdr.land/results/330e339d3b0d335d26bd263d361d361d270d264e161e375e274e2f5e0b5e9198.zip,"Geology and water resources of the Edgeley and La Moure quadrangles, North Dakota","Hard, H.A.",1929,U.S. Geological Survey
criticalmaas_09_ngmdb_20459,"Geology and water resources of the Edgeley and La Moure quadrangles, North Dakota",https://ngmdb.usgs.gov/Prodesc/proddesc_20459.htm,https://s3.amazonaws.com/public.cdr.land/results/735e1a5d6b1d670d634d734d334d314d711d319e71363336307630763166c198.zip,"Geology and water resources of the Edgeley and La Moure quadrangles, North Dakota","Hard, H.A.",1929,U.S. Geological Survey
criticalmaas_09_ngmdb_25499,"Geology and ground water in Door County, Wisconsin, with emphasis on contamination potential in Silurian dolomite",https://ngmdb.usgs.gov/Prodesc/proddesc_25499.htm,https://s3.amazonaws.com/public.cdr.land/results/60e9008300660046009c0b38027904b100e889eb83d383d319a833205b0e420c.zip,"Geology and ground water in Door County, Wisconsin, with emphasis on contamination potential in Silurian dolomite","Sherrill, M.G.",1978,U.S. Geological Survey
criticalmaas_09_ngmdb_2507,"Mitchell folio, South Dakota",https://ngmdb.usgs.gov/Prodesc/proddesc_2507.htm,https://s3.amazonaws.com/public.cdr.land/results/42a3059d164f1b3e09be0d5e062e05af13af19ad146d121d154d156d15cd4889.zip,"Mitchell folio, South Dakota","Todd, J.E.",1903,U.S. Geological Survey
criticalmaas_09_ngmdb_2504,"Olivet folio, South Dakota",https://ngmdb.usgs.gov/Prodesc/proddesc_2504.htm,https://s3.amazonaws.com/public.cdr.land/results/68d119cd0b4f039f117b10bf123b112f146f163d18cd0d6d0b0d090d74956261.zip,"Olivet folio, South Dakota","Todd, J.E.",1903,U.S. Geological Survey
criticalmaas_09_ngmdb_2505,"Parker folio, South Dakota",https://ngmdb.usgs.gov/Prodesc/proddesc_2505.htm,https://s3.amazonaws.com/public.cdr.land/results/1091126d032e10db122b09af16cf072f138f09cd056d1a6d1c6d166d54956249.zip,"Parker folio, South Dakota","Todd, J.E.",1903,U.S. Geological Survey
criticalmaas_09_ngmdb_2313,"Huron folio, South Dakota",https://ngmdb.usgs.gov/Prodesc/proddesc_2313.htm,https://s3.amazonaws.com/public.cdr.land/results/684119ad13af133f127b1acf186f1e2d17ad128d122d164d133d1b3d14856201.zip,"Huron folio, South Dakota","Todd, J.E.",1904,U.S. Geological Survey
criticalmaas_09_ngmdb_2367,"Aberdeen-Redfield folio, Northville, Aberdeen, Redfield, and Byron quadrangles, South Dakota",https://ngmdb.usgs.gov/Prodesc/proddesc_2367.htm,https://s3.amazonaws.com/public.cdr.land/results/12b51d8d120f1a1f16bf13bf139f171d119d198d095d1d4d1d5d176d148d6041.zip,"Aberdeen-Redfield folio, Northville, Aberdeen, Redfield, and Byron quadrangles, South Dakota","Todd, J.E.",1909,U.S. Geological Survey
criticalmaas_09_ngmdb_2301,"Alexandria folio, South Dakota",https://ngmdb.usgs.gov/Prodesc/proddesc_2301.htm,https://s3.amazonaws.com/public.cdr.land/results/5aa115cd9e3e983e923e903e96de9f5f929f9daf9f2d131d1b4d9b6d65c16201.zip,"Alexandria folio, South Dakota","Todd, J.E., and Hall, C.M.",1903,U.S. Geological Survey
criticalmaas_09_ngmdb_2314,"De Smet folio, South Dakota",https://ngmdb.usgs.gov/Prodesc/proddesc_2314.htm,https://s3.amazonaws.com/public.cdr.land/results/6dc5086d133f121f120b172f164d158d0f2d1b6d134d1b4d1e9d1b1d109d64a1.zip,"De Smet folio, South Dakota","Todd, J.E., and Hall, C.M.",1904,U.S. Geological Survey
criticalmaas_09_ngmdb_2370,"Jamestown-Tower folio, Jamestown, Eckelson, and Tower quadrangles, North Dakota",https://ngmdb.usgs.gov/Prodesc/proddesc_2370.htm,https://s3.amazonaws.com/public.cdr.land/results/489111cd134f18cf0a6f115f144f114f032d129d125d154d148d15ad15ad6001.zip,"Jamestown-Tower folio, Jamestown, Eckelson, and Tower quadrangles, North Dakota","Willard, D.E.",1909,U.S. Geological Survey
criticalmaas_09_ngmdb_2370,"Jamestown-Tower folio, Jamestown, Eckelson, and Tower quadrangles, North Dakota",https://ngmdb.usgs.gov/Prodesc/proddesc_2370.htm,https://s3.amazonaws.com/public.cdr.land/results/42c319b91e5f02df125f135f1a5f065f131f1a1f06bf1b3f1179193919bd4041.zip,"Jamestown-Tower folio, Jamestown, Eckelson, and Tower quadrangles, North Dakota","Willard, D.E.",1909,U.S. Geological Survey
criticalmaas_09_ngmdb_2370,"Jamestown-Tower folio, Jamestown, Eckelson, and Tower quadrangles, North Dakota",https://ngmdb.usgs.gov/Prodesc/proddesc_2370.htm,https://s3.amazonaws.com/public.cdr.land/results/48910d4d176f176f174f174f176f176f172f1faf0f2f0b2f0d4d1d2d148d6101.zip,"Jamestown-Tower folio, Jamestown, Eckelson, and Tower quadrangles, North Dakota","Willard, D.E.",1909,U.S. Geological Survey
criticalmaas_09_ngmdb_24683,"Geology and water resources of part of the lower James River Valley, South Dakota",https://ngmdb.usgs.gov/Prodesc/proddesc_24683.htm,https://s3.amazonaws.com/public.cdr.land/results/3727322b456b6573365b148b16a7132761c3648f3587419310d7043704bb41db.zip,"Geology and water resources of part of the lower James River Valley, South Dakota","Todd, J.E., and Hall, C.M.",1904,U.S. Geological Survey
criticalmaas_09_ngmdb_24683,"Geology and water resources of part of the lower James River Valley, South Dakota",https://ngmdb.usgs.gov/Prodesc/proddesc_24683.htm,https://s3.amazonaws.com/public.cdr.land/results/643394370c23653b041f34ab3427b6272525a4ad9d8f8dafc937efa7a7b341f2.zip,"Geology and water resources of part of the lower James River Valley, South Dakota","Todd, J.E., and Hall, C.M.",1904,U.S. Geological Survey
criticalmaas_09_ngmdb_24683,"Geology and water resources of part of the lower James River Valley, South Dakota",https://ngmdb.usgs.gov/Prodesc/proddesc_24683.htm,https://s3.amazonaws.com/public.cdr.land/results/3a83128106a1c4e1194128c1dc63d27ff4d7e68739cfb4e3acf3943b3699d6da.zip,"Geology and water resources of part of the lower James River Valley, South Dakota","Todd, J.E., and Hall, C.M.",1904,U.S. Geological Survey
criticalmaas_09_ngmdb_24683,"Geology and water resources of part of the lower James River Valley, South Dakota",https://ngmdb.usgs.gov/Prodesc/proddesc_24683.htm,https://s3.amazonaws.com/public.cdr.land/results/263356b744a3641366cb3e8b15b3432364a366a363b345ab041706a304fb04f3.zip,"Geology and water resources of part of the lower James River Valley, South Dakota","Todd, J.E., and Hall, C.M.",1904,U.S. Geological Survey
criticalmaas_09_ngmdb_4120,The Quaternary geology of southeastern Wisconsin with a chapter on the older rock formations,https://ngmdb.usgs.gov/Prodesc/proddesc_4120.htm,https://s3.amazonaws.com/public.cdr.land/results/40d7118453647266126c336c236c135c392c3d2d31ac126c1664466d426dc0cb.zip,The Quaternary geology of southeastern Wisconsin with a chapter on the older rock formations,"Alden, W.C.",1918,U.S. Geological Survey
criticalmaas_09_ngmdb_4120,The Quaternary geology of southeastern Wisconsin with a chapter on the older rock formations,https://ngmdb.usgs.gov/Prodesc/proddesc_4120.htm,https://s3.amazonaws.com/public.cdr.land/results/588f148d146d305d3a2d326d32ed30d914d9995d08dd06cd13ad12ad224dd0ca.zip,The Quaternary geology of southeastern Wisconsin with a chapter on the older rock formations,"Alden, W.C.",1918,U.S. Geological Survey
criticalmaas_09_ngmdb_3421,Aeromagnetic and geologic map of east-central Minnesota,https://ngmdb.usgs.gov/Prodesc/proddesc_3421.htm,https://s3.amazonaws.com/public.cdr.land/results/78955219481d7d3554755bd5533747614e654c7573366e596e3558b5c3c14301.zip,Aeromagnetic and geologic map of east-central Minnesota,"Bath, G.D., Schwartz, G.M., and Gilbert, F.P.",1964,U.S. Geological Survey
criticalmaas_09_ngmdb_3418,Aeromagnetic and geologic map of northwestern Minnesota,https://ngmdb.usgs.gov/Prodesc/proddesc_3418.htm,https://s3.amazonaws.com/public.cdr.land/results/575807e024b8230c436d479c63ce479d311d236d0e2c267d0c8d0a7d28fdc180.zip,Aeromagnetic and geologic map of northwestern Minnesota,"Bath, G.D., Schwartz, G.M., and Gilbert, F.P.",1964,U.S. Geological Survey
criticalmaas_09_ngmdb_3420,Aeromagnetic and geologic map of west-central Minnesota,https://ngmdb.usgs.gov/Prodesc/proddesc_3420.htm,https://s3.amazonaws.com/public.cdr.land/results/4a8c56dd499d59e4378f068f5a0d0c4d260c1f1d1f8f0d8d0d8d15de41c8618d.zip,Aeromagnetic and geologic map of west-central Minnesota,"Bath, G.D., Schwartz, G.M., and Gilbert, F.P.",1965,U.S. Geological Survey
criticalmaas_09_ngmdb_9158,"Bedrock geologic map of the Iron River 1 degree x 2 degrees quadrangle, Michigan and Wisconsin",https://ngmdb.usgs.gov/Prodesc/proddesc_9158.htm,https://s3.amazonaws.com/public.cdr.land/results/49f533347677587f30bb1c6b086b60eb138b12cb094b694b4d6f696f69700499.zip,"Bedrock geologic map of the Iron River 1 degree x 2 degrees quadrangle, Michigan and Wisconsin","Cannon, W.F.",1986,U.S. Geological Survey
criticalmaas_09_ngmdb_9160,"Structural and tectonic map of the Iron River 1 degree x 2 degrees quadrangle, Michigan and Wisconsin",https://ngmdb.usgs.gov/Prodesc/proddesc_9160.htm,https://s3.amazonaws.com/public.cdr.land/results/50c023f5037524754c7530696969637516614e655a750a650965676515850480.zip,"Structural and tectonic map of the Iron River 1 degree x 2 degrees quadrangle, Michigan and Wisconsin","Cannon, W.F.",1986,U.S. Geological Survey
criticalmaas_09_ngmdb_10243,"Bedrock geologic map of the Roseau 1 degree x 2 degrees quadrangle, Minnesota, United States, and Ontario and Manitoba, Canada",https://ngmdb.usgs.gov/Prodesc/proddesc_10243.htm,https://s3.amazonaws.com/public.cdr.land/results/78c274e9575d1ac948d55a55265546d711551cdd5cdd53592c9928d502d50700.zip,"Bedrock geologic map of the Roseau 1 degree x 2 degrees quadrangle, Minnesota, United States, and Ontario and Manitoba, Canada","Day, W.C., Klein, T.L., and Schulz, K.J.",1994,U.S. Geological Survey
criticalmaas_09_ngmdb_10043,"Bedrock geologic map of the International Falls 1 degree x 2 degrees quadrangle, Minnesota, United States and Ontario, Canada",https://ngmdb.usgs.gov/Prodesc/proddesc_10043.htm,https://s3.amazonaws.com/public.cdr.land/results/49486fe5626542d963d939f574d70ad71355515541d559d748dd871507950400.zip,"Bedrock geologic map of the International Falls 1 degree x 2 degrees quadrangle, Minnesota, United States and Ontario, Canada","Day, W.C., Southwick, D.L., Schulz, K.J., and Klein, T.L.",1990,U.S. Geological Survey
criticalmaas_09_ngmdb_10002,"Geologic map of Precambrian rocks of Rice Lake 1 degree x 2 degrees quadrangle, northern Wisconsin",https://ngmdb.usgs.gov/Prodesc/proddesc_10002.htm,https://s3.amazonaws.com/public.cdr.land/results/61a9446949714a7116e9136d42e964e9677966b152b95a935b935a994cd10294.zip,"Geologic map of Precambrian rocks of Rice Lake 1 degree x 2 degrees quadrangle, northern Wisconsin","Sims, P.K.",1989,U.S. Geological Survey
criticalmaas_09_ngmdb_10003,"Geologic map of Precambrian rocks of Eau Claire and Green Bay 1 degree x 2 degrees quadrangles, central Wisconsin",https://ngmdb.usgs.gov/Prodesc/proddesc_10003.htm,https://s3.amazonaws.com/public.cdr.land/results/511c4275207552315075106532653ae118f122208d099dba8db32db354fb90f8.zip,"Geologic map of Precambrian rocks of Eau Claire and Green Bay 1 degree x 2 degrees quadrangles, central Wisconsin","Sims, P.K.",1990,U.S. Geological Survey
criticalmaas_09_ngmdb_10109,"Geologic map of Precambrian rocks of Iron Mountain and Escanaba 1 degree x 2 degrees quadrangles, northeastern Wisconsin and northwestern Michigan",https://ngmdb.usgs.gov/Prodesc/proddesc_10109.htm,https://s3.amazonaws.com/public.cdr.land/results/487966393639163b247b766947f943e94aa94a8d4aa94aa946394b214b290aad.zip,"Geologic map of Precambrian rocks of Iron Mountain and Escanaba 1 degree x 2 degrees quadrangles, northeastern Wisconsin and northwestern Michigan","Sims, P.K.",1990,U.S. Geological Survey
criticalmaas_09_ngmdb_3519,Aeromagnetic and inferred Precambrian paleogeologic map of east-central Minnesota and part of Wisconsin,https://ngmdb.usgs.gov/Prodesc/proddesc_3519.htm,https://s3.amazonaws.com/public.cdr.land/results/718d298d130d578d4f2d0c4d38cd394d739d332f536d80816834800401ed03e9.zip,Aeromagnetic and inferred Precambrian paleogeologic map of east-central Minnesota and part of Wisconsin,"Sims, P.K., and Zietz, Isidore",1967,U.S. Geological Survey
criticalmaas_09_ngmdb_16520,Geologic map of North Dakota,https://ngmdb.usgs.gov/Prodesc/proddesc_16520.htm,https://s3.amazonaws.com/public.cdr.land/results/64e674635e530d63465b719b7ccf687561757337637743310193188c194c1cc9.zip,Geologic map of North Dakota,"Clayton, Lee, Moran, S.R., Bluemle, J.P., and Carlson, C.G.",1980,U.S. Geological Survey
criticalmaas_09_ngmdb_4242,Pleistocene geology of eastern South Dakota,https://ngmdb.usgs.gov/Prodesc/proddesc_4242.htm,https://s3.amazonaws.com/public.cdr.land/results/50c1122342734059404941594119412d300d1017500f520f720d220902340037.zip,Pleistocene geology of eastern South Dakota,"Flint, R.F.",1955,U.S. Geological Survey
criticalmaas_09_ngmdb_7727,"Phanerozoic structural features in the northern midcontinent, U.S.A.",https://ngmdb.usgs.gov/Prodesc/proddesc_7727.htm,https://s3.amazonaws.com/public.cdr.land/results/43490e673c730d9b3c27700f3e6364c56c8169811b241d628ef086fda959ad91.zip,"Phanerozoic structural features in the northern midcontinent, U.S.A.","Anderson, R.R.",1987,U.S. Geological Survey
criticalmaas_09_ngmdb_7597,"Map showing distribution of alkaline igneous rocks and associated carbonatites and peridotites in the northern midcontinent, U.S.A.",https://ngmdb.usgs.gov/Prodesc/proddesc_7597.htm,https://s3.amazonaws.com/public.cdr.land/results/68e10273007308c9086900e5304d02ab07e705b71264126408f310ca94c600ce.zip,"Map showing distribution of alkaline igneous rocks and associated carbonatites and peridotites in the northern midcontinent, U.S.A.","Hills, F.A., Scott, R.W., Armbrustmacher, T.J., and Berendsen, Pieter",1991,U.S. Geological Survey
criticalmaas_09_ngmdb_7793,"Radiometric ages of basement rocks in the northern midcontinent, U.S.A.",https://ngmdb.usgs.gov/Prodesc/proddesc_7793.htm,https://s3.amazonaws.com/public.cdr.land/results/c8a42659414701a3005944a70465326b40ab01e5019f101611a501b908e548ec.zip,"Radiometric ages of basement rocks in the northern midcontinent, U.S.A.","Marvin, R.F.",1988,U.S. Geological Survey
criticalmaas_09_ngmdb_7793,"Radiometric ages of basement rocks in the northern midcontinent, U.S.A.",https://ngmdb.usgs.gov/Prodesc/proddesc_7793.htm,https://s3.amazonaws.com/public.cdr.land/results/c8a564c14373199b165345a51465014f52dbc5c5651d6e2611a5013948e448ec.zip,"Radiometric ages of basement rocks in the northern midcontinent, U.S.A.","Marvin, R.F.",1988,U.S. Geological Survey
criticalmaas_09_cog_313432756a7968d9,TA1 COG 313432756a7968d921c52d9d3d9d1a8919e74ce75c9571c95f3f0ebb24f304a7,,https://s3.amazonaws.com/public.cdr.land/results/313432756a7968d921c52d9d3d9d1a8919e74ce75c9571c95f3f0ebb24f304a7.zip,TA1 COG 313432756a7968d921c52d9d3d9d1a8919e74ce75c9571c95f3f0ebb24f304a7,,,
criticalmaas_09_ngmdb_7793,"Radiometric ages of basement rocks in the northern midcontinent, U.S.A.",https://ngmdb.usgs.gov/Prodesc/proddesc_7793.htm,https://s3.amazonaws.com/public.cdr.land/results/c8a564c14373199b165345a51465014f52dbc5c5651d6e2611a5013948e448ec.zip,"Radiometric ages of basement rocks in the northern midcontinent, U.S.A.","Marvin, R.F.",1988,U.S. Geological Survey
criticalmaas_09_ngmdb_7793,"Radiometric ages of basement rocks in the northern midcontinent, U.S.A.",https://ngmdb.usgs.gov/Prodesc/proddesc_7793.htm,https://s3.amazonaws.com/public.cdr.land/results/c8a42659414701a3005944a70465326b40ab01e5019f101611a501b908e548ec.zip,"Radiometric ages of basement rocks in the northern midcontinent, U.S.A.","Marvin, R.F.",1988,U.S. Geological Survey
criticalmaas_09_ngmdb_7727,"Phanerozoic structural features in the northern midcontinent, U.S.A.",https://ngmdb.usgs.gov/Prodesc/proddesc_7727.htm,https://s3.amazonaws.com/public.cdr.land/results/43490e673c730d9b3c27700f3e6364c56c8169811b241d628ef086fda959ad91.zip,"Phanerozoic structural features in the northern midcontinent, U.S.A.","Anderson, R.R.",1987,U.S. Geological Survey
criticalmaas_09_ngmdb_7608,"Maps showing thickness and limestone-dolostone ratios of selected Paleozoic carbonate units in the northern midcontinent, U.S.A.",https://ngmdb.usgs.gov/Prodesc/proddesc_7608.htm,https://s3.amazonaws.com/public.cdr.land/results/68f172614279119920d90465243d321b3b8cbb0e9e776e5078e159f9064940da.zip,"Maps showing thickness and limestone-dolostone ratios of selected Paleozoic carbonate units in the northern midcontinent, U.S.A.","Pratt, W.P., and Wandrey, C.J.",1996,U.S. Geological Survey
criticalmaas_09_ngmdb_7608,"Maps showing thickness and limestone-dolostone ratios of selected Paleozoic carbonate units in the northern midcontinent, U.S.A.",https://ngmdb.usgs.gov/Prodesc/proddesc_7608.htm,https://s3.amazonaws.com/public.cdr.land/results/68f06271627910d901e944e5324d316940cd102d19345067114510b104c980c0.zip,"Maps showing thickness and limestone-dolostone ratios of selected Paleozoic carbonate units in the northern midcontinent, U.S.A.","Pratt, W.P., and Wandrey, C.J.",1996,U.S. Geological Survey
criticalmaas_09_ngmdb_7608,"Maps showing thickness and limestone-dolostone ratios of selected Paleozoic carbonate units in the northern midcontinent, U.S.A.",https://ngmdb.usgs.gov/Prodesc/proddesc_7608.htm,https://s3.amazonaws.com/public.cdr.land/results/60f1667362691039483d0cc536196609665b27cf9f867d6139a118f104f920c4.zip,"Maps showing thickness and limestone-dolostone ratios of selected Paleozoic carbonate units in the northern midcontinent, U.S.A.","Pratt, W.P., and Wandrey, C.J.",1996,U.S. Geological Survey
criticalmaas_09_cog_68e10273007308c9,TA1 COG 68e10273007308c9086900e5304d02ab07e705b71264126408f310ca94c600ce,,https://s3.amazonaws.com/public.cdr.land/results/68e10273007308c9086900e5304d02ab07e705b71264126408f310ca94c600ce.zip,TA1 COG 68e10273007308c9086900e5304d02ab07e705b71264126408f310ca94c600ce,,,
criticalmaas_09_ngmdb_7588,"Maps showing aerial extent of selected Paleozoic shales in the northern midcontinent, U.S.A.",https://ngmdb.usgs.gov/Prodesc/proddesc_7588.htm,https://s3.amazonaws.com/public.cdr.land/results/40e826673a4538393a59358d3b6d39893a95390d38ad182611ad18b9006a00ea.zip,"Maps showing aerial extent of selected Paleozoic shales in the northern midcontinent, U.S.A.","Pratt, W.P.",1992,U.S. Geological Survey
criticalmaas_09_ngmdb_7588,"Maps showing aerial extent of selected Paleozoic shales in the northern midcontinent, U.S.A.",https://ngmdb.usgs.gov/Prodesc/proddesc_7588.htm,https://s3.amazonaws.com/public.cdr.land/results/60f022672067103b2099410b64e7644f6809319111ad101311e12831a0cb20ea.zip,"Maps showing aerial extent of selected Paleozoic shales in the northern midcontinent, U.S.A.","Pratt, W.P.",1992,U.S. Geological Survey
criticalmaas_09_ngmdb_7588,"Maps showing aerial extent of selected Paleozoic shales in the northern midcontinent, U.S.A.",https://ngmdb.usgs.gov/Prodesc/proddesc_7588.htm,https://s3.amazonaws.com/public.cdr.land/results/60f12247204f10990039042510c5124902c523cb870d8a37314b131190aaa0ea.zip,"Maps showing aerial extent of selected Paleozoic shales in the northern midcontinent, U.S.A.","Pratt, W.P.",1992,U.S. Geological Survey
criticalmaas_09_ngmdb_7588,"Maps showing aerial extent of selected Paleozoic shales in the northern midcontinent, U.S.A.",https://ngmdb.usgs.gov/Prodesc/proddesc_7588.htm,https://s3.amazonaws.com/public.cdr.land/results/60f126672047109b20db4169242f369b1255250fad2f6d12616b00d110ca20ea.zip,"Maps showing aerial extent of selected Paleozoic shales in the northern midcontinent, U.S.A.","Pratt, W.P.",1992,U.S. Geological Survey
criticalmaas_09_ngmdb_7588,"Maps showing aerial extent of selected Paleozoic shales in the northern midcontinent, U.S.A.",https://ngmdb.usgs.gov/Prodesc/proddesc_7588.htm,https://s3.amazonaws.com/public.cdr.land/results/d0f122c7106f083b2099458f2497321b628b671b270d6e0709610b31928ba0ea.zip,"Maps showing aerial extent of selected Paleozoic shales in the northern midcontinent, U.S.A.","Pratt, W.P.",1992,U.S. Geological Survey
criticalmaas_09_ngmdb_7588,"Maps showing aerial extent of selected Paleozoic shales in the northern midcontinent, U.S.A.",https://ngmdb.usgs.gov/Prodesc/proddesc_7588.htm,https://s3.amazonaws.com/public.cdr.land/results/60f032673047109b109940c1126d319b298d31a517a54f534b61127110ae20ba.zip,"Maps showing aerial extent of selected Paleozoic shales in the northern midcontinent, U.S.A.","Pratt, W.P.",1992,U.S. Geological Survey
criticalmaas_09_ngmdb_7588,"Maps showing aerial extent of selected Paleozoic shales in the northern midcontinent, U.S.A.",https://ngmdb.usgs.gov/Prodesc/proddesc_7588.htm,https://s3.amazonaws.com/public.cdr.land/results/60f022672267109b200969c92665322d62a7251524516cd935a13951904cb0aa.zip,"Maps showing aerial extent of selected Paleozoic shales in the northern midcontinent, U.S.A.","Pratt, W.P.",1992,U.S. Geological Survey
criticalmaas_09_cog_224814d909f311d7,TA1 COG 224814d909f311d71945145921711305244f0c1f181f0a760ece06c719350000,Result Download,https://s3.amazonaws.com/public.cdr.land/results/224814d909f311d71945145921711305244f0c1f181f0a760ece06c719350000.zip,TA1 COG 224814d909f311d71945145921711305244f0c1f181f0a760ece06c719350000,,,
criticalmaas_09_cog_2248136595359493,TA1 COG 2248136595359493926b1249033126b912bb0977082f04bb071f051f14bf0000,Result Download,https://s3.amazonaws.com/public.cdr.land/results/2248136595359493926b1249033126b912bb0977082f04bb071f051f14bf0000.zip,TA1 COG 2248136595359493926b1249033126b912bb0977082f04bb071f051f14bf0000,,,
criticalmaas_09_cog_02c0efbb15a5273e,TA1 COG 02c0efbb15a5273e4efb5c70ac3158c679147ada67ade0dea7a12f3df91f8e18ca,Result Download,https://s3.amazonaws.com/public.cdr.land/results/02c0efbb15a5273e4efb5c70ac3158c679147ada67ade0dea7a12f3df91f8e18ca.zip,TA1 COG 02c0efbb15a5273e4efb5c70ac3158c679147ada67ade0dea7a12f3df91f8e18ca,,,
criticalmaas_09_cog_e320950f930f8197,TA1 COG e320950f930f819792279e338b13870f85079f138d03859b91d7856f92d2d2d6,Result Download,https://s3.amazonaws.com/public.cdr.land/results/e320950f930f819792279e338b13870f85079f138d03859b91d7856f92d2d2d6.zip,TA1 COG e320950f930f819792279e338b13870f85079f138d03859b91d7856f92d2d2d6,,,
criticalmaas_09_cog_a41862de1cd380e3,TA1 COG a41862de1cd380e3897319330333431b16db986d901f341f640f468e4996b01c,Result Download,https://s3.amazonaws.com/public.cdr.land/results/a41862de1cd380e3897319330333431b16db986d901f341f640f468e4996b01c.zip,TA1 COG a41862de1cd380e3897319330333431b16db986d901f341f640f468e4996b01c,,,
criticalmaas_09_cog_c5ac965690d6d0ee,TA1 COG c5ac965690d6d0ee90ce924e925692c61a960ad60a36058604ce01cc03460042,Result Download,https://s3.amazonaws.com/public.cdr.land/results/c5ac965690d6d0ee90ce924e925692c61a960ad60a36058604ce01cc03460042.zip,TA1 COG c5ac965690d6d0ee90ce924e925692c61a960ad60a36058604ce01cc03460042,,,
criticalmaas_09_cog_84ae95d699c6008e,TA1 COG 84ae95d699c6008e123e028e024e128e1a9e02b600660d860c4e0a7e1cce2206,Result Download,https://s3.amazonaws.com/public.cdr.land/results/84ae95d699c6008e123e028e024e128e1a9e02b600660d860c4e0a7e1cce2206.zip,TA1 COG 84ae95d699c6008e123e028e024e128e1a9e02b600660d860c4e0a7e1cce2206,,,
criticalmaas_09_cog_821082fa85bc017c,TA1 COG 821082fa85bc017c00f8049c00b8009c0418055c05bc04dc018c0d6c0c0e2a06,Result Download,https://s3.amazonaws.com/public.cdr.land/results/821082fa85bc017c00f8049c00b8009c0418055c05bc04dc018c0d6c0c0e2a06.zip,TA1 COG 821082fa85bc017c00f8049c00b8009c0418055c05bc04dc018c0d6c0c0e2a06,,,
criticalmaas_09_cog_823202da05ba05ac,TA1 COG 823202da05ba05ac00f801bc06bc029c0458055c059c00d8018003f8075f0a03,Result Download,https://s3.amazonaws.com/public.cdr.land/results/823202da05ba05ac00f801bc06bc029c0458055c059c00d8018003f8075f0a03.zip,TA1 COG 823202da05ba05ac00f801bc06bc029c0458055c059c00d8018003f8075f0a03,,,
criticalmaas_09_cog_03560506000f0627,TA1 COG 03560506000f06270b3b1acb1a4b137317531a9b12470b433cc3239823063a02,Result Download,https://s3.amazonaws.com/public.cdr.land/results/03560506000f06270b3b1acb1a4b137317531a9b12470b433cc3239823063a02.zip,TA1 COG 03560506000f06270b3b1acb1a4b137317531a9b12470b433cc3239823063a02,,,
criticalmaas_09_cog_040334870f0f0f0f,TA1 COG 040334870f0f0f0f0b372656258721cf26970a374c6f0eb316670fac03e31427,Result Download,https://s3.amazonaws.com/public.cdr.land/results/040334870f0f0f0f0b372656258721cf26970a374c6f0eb316670fac03e31427.zip,TA1 COG 040334870f0f0f0f0b372656258721cf26970a374c6f0eb316670fac03e31427,,,
criticalmaas_09_cog_071320070e0d0e0f,TA1 COG 071320070e0d0e0f162564172107219f26af022f4c470d2714e70f3c2f1e16c2,Result Download,https://s3.amazonaws.com/public.cdr.land/results/071320070e0d0e0f162564172107219f26af022f4c470d2714e70f3c2f1e16c2.zip,TA1 COG 071320070e0d0e0f162564172107219f26af022f4c470d2714e70f3c2f1e16c2,,,
criticalmaas_09_cog_071320070e0d0e0f,TA1 COG 071320070e0d0e0f162566172107219f66af022f4c470d2734e70f3c2f1e36c6,Result Download,https://s3.amazonaws.com/public.cdr.land/results/071320070e0d0e0f162566172107219f66af022f4c470d2734e70f3c2f1e36c6.zip,TA1 COG 071320070e0d0e0f162566172107219f66af022f4c470d2734e70f3c2f1e36c6,,,
criticalmaas_09_cog_1065469f2893459b,TA1 COG 1065469f2893459b0d9d25591d190c793a39309f14d354a909ab539d0c6b0163,Result Download,https://s3.amazonaws.com/public.cdr.land/results/1065469f2893459b0d9d25591d190c793a39309f14d354a909ab539d0c6b0163.zip,TA1 COG 1065469f2893459b0d9d25591d190c793a39309f14d354a909ab539d0c6b0163,,,
criticalmaas_09_cog_024d084b6b4b6c9b,TA1 COG 024d084b6b4b6c9b492d6d19449b5863545b532f0e231653435b6b5b4b1b530b,Result Download,https://s3.amazonaws.com/public.cdr.land/results/024d084b6b4b6c9b492d6d19449b5863545b532f0e231653435b6b5b4b1b530b.zip,TA1 COG 024d084b6b4b6c9b492d6d19449b5863545b532f0e231653435b6b5b4b1b530b,,,
criticalmaas_09_cog_80004cab4a6b50d3,TA1 COG 80004cab4a6b50d361e79db39acbab2b52ce099c22e086801a531a374b230003,Result Download,https://s3.amazonaws.com/public.cdr.land/results/80004cab4a6b50d361e79db39acbab2b52ce099c22e086801a531a374b230003.zip,TA1 COG 80004cab4a6b50d361e79db39acbab2b52ce099c22e086801a531a374b230003,,,
criticalmaas_09_cog_01120b330b2b0947,TA1 COG 01120b330b2b0947192b19ab112b025b0b9b05db007a007210e213b921b110c2,Result Download,https://s3.amazonaws.com/public.cdr.land/results/01120b330b2b0947192b19ab112b025b0b9b05db007a007210e213b921b110c2.zip,TA1 COG 01120b330b2b0947192b19ab112b025b0b9b05db007a007210e213b921b110c2,,,
criticalmaas_09_cog_15141676167a162e,TA1 COG 15141676167a162e3256343610be149606b2039600f021e30b73226713630002,Result Download,https://s3.amazonaws.com/public.cdr.land/results/15141676167a162e3256343610be149606b2039600f021e30b73226713630002.zip,TA1 COG 15141676167a162e3256343610be149606b2039600f021e30b73226713630002,,,
criticalmaas_09_cog_02224b3f4b1f4977,TA1 COG 02224b3f4b1f4977486f487f49774adf439f471f00700972107c152d11b92480,Result Download,https://s3.amazonaws.com/public.cdr.land/results/02224b3f4b1f4977486f487f49774adf439f471f00700972107c152d11b92480.zip,TA1 COG 02224b3f4b1f4977486f487f49774adf439f471f00700972107c152d11b92480,,,
criticalmaas_09_cog_01042b435e770354,TA1 COG 01042b435e770354169616262356121606de059603720ab600fc01fc21db0803,Result Download,https://s3.amazonaws.com/public.cdr.land/results/01042b435e770354169616262356121606de059603720ab600fc01fc21db0803.zip,TA1 COG 01042b435e770354169616262356121606de059603720ab600fc01fc21db0803,,,
criticalmaas_09_cog_16141666145614be,TA1 COG 16141666145614be323e343e205e04a607260b3600fc20f82b73534b53630003,Result Download,https://s3.amazonaws.com/public.cdr.land/results/16141666145614be323e343e205e04a607260b3600fc20f82b73534b53630003.zip,TA1 COG 16141666145614be323e343e205e04a607260b3600fc20f82b73534b53630003,,,
criticalmaas_09_cog_0b2203020a1e0a56,TA1 COG 0b2203020a1e0a56195b113f01370b56035e035e08722073037811b7259304c0,Result Download,https://s3.amazonaws.com/public.cdr.land/results/0b2203020a1e0a56195b113f01370b56035e035e08722073037811b7259304c0.zip,TA1 COG 0b2203020a1e0a56195b113f01370b56035e035e08722073037811b7259304c0,,,
